{"stats":{"minecraft:dropped":{"minecraft:iron_sword":1,"minecraft:wheat_seeds":7,"securitycraft:security_camera":1,"minecraft:barrier":1,"minecraft:cobblestone":2,"minecraft:lead":1,"minecraft:lantern":1,"minecraft:grass_block":1,"minecraft:jungle_slab":1,"minecraft:grass":1,"minecraft:torch":1,"tombstone:grave_key":3,"minecraft:iron_leggings":2,"minecraft:brown_terracotta":3,"cataclysm:obsidian_brick_stairs":1,"minecraft:oxidized_copper":1,"minecraft:dandelion":2,"minecraft:kelp":4,"alexsmobs:maggot":2,"minecraft:coarse_dirt":3,"minecraft:black_terracotta":48,"minecraft:rotten_flesh":5,"cataclysm:obsidian_bricks":1,"minecraft:melon_seeds":2,"mahoutsukai:powdered_diamond":1,"minecraft:arrow":1,"minecraft:glass":2,"securitycraft:retinal_scanner":1,"minecraft:terracotta":1},"minecraft:picked_up":{"biomesoplenty:redwood_log":2,"alexscaves:sea_pig":1,"minecraft:iron_chestplate":1,"minecraft:coarse_dirt":10,"minecraft:lead":1,"iceandfire:chain":1,"minecraft:mangrove_hanging_sign":1,"minecraft:raw_copper":7,"minecraft:string":1,"securitycraft:reinforced_soul_lantern":3,"minecraft:iron_leggings":1,"minecraft:iron_shovel":1,"minecraft:blue_orchid":1,"minecraft:rose_bush":3,"biomesoplenty:redwood_wood":16,"minecraft:melon_slice":48,"minecraft:stick":3,"minecraft:copper_ingot":8,"minecraft:brown_terracotta":83,"minecraft:torch":19,"minecraft:porkchop":1,"tombstone:grave_dust":1,"minecraft:carrot":1,"minecraft:tnt":2,"minecraft:arrow":15,"minecraft:rotten_flesh":13,"minecraft:tropical_fish":1,"biomesoplenty:redwood_sapling":9,"minecraft:white_terracotta":287,"minecraft:cobblestone":67,"minecraft:birch_log":12,"minecraft:acacia_wood":2,"minecraft:dirt":153,"minecraft:lantern":1,"man:cassette_1safetyinstructions":1,"minecraft:bone":12,"minecraft:orange_tulip":1,"minecraft:kelp":4,"minecraft:wheat_seeds":15,"securitycraft:security_camera":1,"sculkhorde:infestation_purifier":9,"minecraft:black_terracotta":83,"minecraft:dandelion":3,"minecraft:gravel":2,"alexscaves:uranium":2,"minecraft:ink_sac":8,"minecraft:jungle_slab":1,"minecraft:spider_eye":2,"alexsmobs:animal_dictionary":1,"alexsmobs:raw_catfish":6,"minecraft:light_gray_terracotta":92,"minecraft:soul_lantern":42,"minecraft:emerald":1,"minecraft:terracotta":1,"alexsmobs:maggot":4,"minecraft:coal":18,"iceandfire:raw_silver":1,"minecraft:mangrove_propagule":1},"minecraft:killed":{"minecraft:witch":1,"creeperoverhaul:badlands_creeper":8,"minecraft:spider":5,"enemyexpansion:direwolf":12,"sculkhorde:sculk_phantom_corpse":2,"sculkhorde:sculk_mite_aggressor":1,"minecraft:skeleton":7,"sculkhorde:sculk_spitter":1,"minecraft:pig":1,"minecraft:zombie_villager":1,"man:managgresive":1,"enemyexpansion:sprinter":2,"minecraft:zombie":5,"enemyexpansion:botfly":4,"alexsmobs:fly":1,"enemyexpansion:slugger":1},"minecraft:killed_by":{"minecraft:player":2},"minecraft:broken":{"minecraft:iron_boots":1,"minecraft:iron_chestplate":1,"minecraft:iron_leggings":1},"minecraft:custom":{"minecraft:mob_kills":56,"minecraft:interact_with_crafting_table":1,"minecraft:open_barrel":5,"minecraft:leave_game":6,"minecraft:time_since_death":14014,"minecraft:climb_one_cm":8340,"minecraft:sprint_one_cm":168644,"minecraft:walk_one_cm":476477,"minecraft:drop":54,"minecraft:play_time":355470,"minecraft:deaths":10,"minecraft:sneak_time":15714,"minecraft:walk_under_water_one_cm":198733,"minecraft:jump":1548,"minecraft:walk_on_water_one_cm":17897,"minecraft:total_world_time":355470,"minecraft:interact_with_furnace":6,"tombstone:raider_killed":1,"minecraft:time_since_rest":13374,"minecraft:waystone_activated":1,"minecraft:damage_absorbed":40,"minecraft:damage_taken":530400,"minecraft:damage_dealt":18178,"minecraft:swim_one_cm":36562,"minecraft:fly_one_cm":1493032,"minecraft:open_chest":17,"minecraft:crouch_one_cm":19790,"tombstone:undead_killed":16,"minecraft:fall_one_cm":68437},"minecraft:used":{"minecraft:oak_fence":3,"biomesoplenty:redwood_leaves":91,"minecraft:rose_bush":1,"minecraft:flint_and_steel":24,"minecraft:tropical_fish":1,"minecraft:oak_sign":1,"minecraft:white_terracotta":171,"minecraft:iron_sword":32,"securitycraft:security_camera":1,"minecraft:grass":1,"minecraft:mangrove_hanging_sign":10,"minecraft:rotten_flesh":7,"minecraft:torch":1,"securitycraft:reinforced_soul_lantern":15,"cataclysm:obsidian_brick_wall":227,"minecraft:dirt":56,"cataclysm:black_steel_fence":14,"biomesoplenty:dead_hanging_sign":1,"alexscaves:scarlet_magnet":5,"minecraft:jungle_planks":39,"alexscaves:glow_ink_bomb":6,"minecraft:carrot":2,"minecraft:jungle_slab":27,"minecraft:obsidian":4,"minecraft:glass":20,"minecraft:brown_terracotta":2,"securitycraft:secret_spruce_sign_item":5,"alexsmobs:maggot":1,"biomesoplenty:redwood_wood":21,"minecraft:lantern":1,"minecraft:grass_block":93,"alexscaves:submarine":4,"biomesoplenty:umbran_hanging_sign":1,"minecraft:iron_boots":1,"minecraft:barrel":3,"minecraft:stone_bricks":30,"biomesoplenty:mahogany_sapling":18,"cataclysm:obsidian_brick_stairs":136,"minecraft:bow":5,"tombstone:gift":1,"minecraft:acacia_planks":5,"minecraft:green_stained_glass_pane":2,"minecraft:crimson_hanging_sign":2,"alexsmobs:raw_catfish":2,"securitycraft:electrified_iron_fence":22,"securitycraft:projector":2,"minecraft:jungle_fence":2,"biomesoplenty:redwood_sapling":49,"minecraft:orange_tulip":1,"sculkhorde:infestation_purifier":9,"minecraft:glow_ink_sac":4,"biomesoplenty:willow_sapling":1,"minecraft:golden_apple":1,"minecraft:acacia_hanging_sign":1,"stalwart_dungeons:soul_bricks":1,"minecraft:tnt":30,"minecraft:light_gray_terracotta":46,"minecraft:spruce_log":27,"biomesoplenty:redwood_hanging_sign":1,"minecraft:black_terracotta":42,"minecraft:light":78,"minecraft:cherry_hanging_sign":1,"minecraft:bread":12,"minecraft:barrier":469,"minecraft:iron_pickaxe":31,"minecraft:gravel":2,"minecraft:deepslate":37,"minecraft:soul_lantern":39,"minecraft:cobblestone":10,"minecraft:cooked_porkchop":1,"sculkhorde:sculk_sweeper_sword":15,"sculkhorde:purification_flask":83,"minecraft:stripped_oak_wood":26,"securitycraft:admin_tool":2,"alexsmobs:animal_dictionary":1,"securitycraft:retinal_scanner":1,"alexscaves:magnetic_light":1,"minecraft:coarse_dirt":33,"minecraft:bone_meal":72,"minecraft:splash_potion":98,"cataclysm:obsidian_bricks":11},"minecraft:crafted":{"minecraft:iron_boots":1,"minecraft:cooked_porkchop":1,"minecraft:iron_helmet":1,"minecraft:birch_planks":24,"minecraft:air":0,"minecraft:iron_chestplate":1,"minecraft:iron_leggings":1,"minecraft:acacia_planks":8},"minecraft:mined":{"minecraft:grass_block":8,"minecraft:kelp":1,"minecraft:large_fern":5,"minecraft:acacia_wood":2,"minecraft:stone":10,"minecraft:blue_orchid":1,"minecraft:oak_slab":1,"minecraft:kelp_plant":1,"minecraft:dandelion":2,"minecraft:melon":9,"minecraft:rose_bush":3,"minecraft:cobblestone":1,"minecraft:tall_grass":6,"minecraft:wall_torch":1,"minecraft:coarse_dirt":9,"minecraft:birch_log":7,"minecraft:orange_tulip":1,"minecraft:grass":47,"minecraft:coal_ore":18,"minecraft:gravel":2,"minecraft:dirt":48,"minecraft:fern":5}},"DataVersion":3465}