{"stats":{"minecraft:dropped":{"minecraft:iron_sword":1,"minecraft:birch_planks":4,"minecraft:wheat_seeds":29,"minecraft:oak_log":8,"minecraft:mossy_cobblestone":1,"minecraft:feather":6,"securitycraft:security_camera":1,"minecraft:barrier":1,"minecraft:cobblestone":4,"minecraft:lead":2,"minecraft:lantern":1,"minecraft:acacia_log":3,"minecraft:grass_block":1,"minecraft:stick":1,"minecraft:dirt":8,"minecraft:jungle_slab":1,"minecraft:grass":1,"minecraft:torch":1,"tombstone:grave_key":3,"minecraft:rose_bush":4,"minecraft:melon_slice":1,"tombstone:grave_dust":3,"minecraft:iron_leggings":2,"minecraft:brown_terracotta":3,"minecraft:oak_stairs":3,"minecraft:wither_rose":1,"iceandfire:stymphalian_bird_dagger":2,"minecraft:mud":1,"minecraft:lily_pad":39,"cataclysm:obsidian_brick_stairs":1,"minecraft:acacia_planks":5,"minecraft:oxidized_copper":1,"minecraft:dandelion":3,"iceandfire:stymphalian_bird_feather":1,"minecraft:moss_carpet":1,"minecraft:kelp":4,"alexsmobs:maggot":2,"minecraft:mangrove_roots":13,"minecraft:coarse_dirt":7,"biomesoplenty:redwood_sapling":12,"minecraft:rotten_flesh":5,"minecraft:black_terracotta":48,"iceandfire:amphithere_arrow":1,"minecraft:acacia_leaves":1,"cataclysm:obsidian_bricks":1,"minecraft:melon_seeds":4,"minecraft:acacia_sapling":2,"mahoutsukai:powdered_diamond":1,"minecraft:bamboo":1,"minecraft:arrow":1,"minecraft:glass":2,"alexsmobs:mosquito_larva":2,"securitycraft:retinal_scanner":1,"minecraft:terracotta":1},"minecraft:picked_up":{"minecraft:mud":1,"biomesoplenty:redwood_log":2,"alexscaves:sea_pig":1,"minecraft:crafting_table":1,"minecraft:iron_chestplate":1,"minecraft:coarse_dirt":16,"minecraft:lead":12,"iceandfire:chain":2,"minecraft:oak_stairs":3,"minecraft:mangrove_hanging_sign":1,"alexsmobs:cooked_catfish":7,"minecraft:moss_carpet":4,"minecraft:red_bed":4,"minecraft:string":1,"alexsmobs:shed_snake_skin":1,"securitycraft:reinforced_soul_lantern":3,"minecraft:raw_copper":21,"minecraft:iron_leggings":1,"minecraft:iron_shovel":1,"minecraft:blue_orchid":1,"iceandfire:graveyard_soil":1,"minecraft:cobblestone_slab":1,"minecraft:rose_bush":5,"minecraft:spruce_slab":1,"biomesoplenty:redwood_wood":16,"minecraft:melon_slice":54,"minecraft:sugar_cane":5,"iceandfire:dragonbone":8,"minecraft:stick":11,"minecraft:brown_terracotta":83,"minecraft:copper_ingot":11,"minecraft:acacia_log":22,"minecraft:torch":19,"minecraft:porkchop":1,"tombstone:grave_dust":13,"minecraft:carrot":1,"minecraft:tnt":2,"minecraft:arrow":19,"minecraft:rotten_flesh":37,"minecraft:tropical_fish":8,"antlers:jerkey":14,"minecraft:mangrove_roots":13,"minecraft:white_terracotta":287,"biomesoplenty:redwood_sapling":21,"minecraft:obsidian":2,"minecraft:glow_berries":2,"minecraft:skeleton_skull":1,"minecraft:cobblestone":108,"minecraft:birch_log":12,"iceandfire:stymphalian_bird_dagger":2,"minecraft:feather":9,"farmersdelight:rice":4,"alexsmobs:acacia_blossom":2,"minecraft:acacia_leaves":33,"minecraft:acacia_wood":2,"minecraft:oak_log":8,"minecraft:lily_pad":39,"iceandfire:ectoplasm":2,"alexsmobs:mosquito_larva":2,"minecraft:dirt":205,"minecraft:lantern":1,"tombstone:gift":1,"man:cassette_1safetyinstructions":1,"minecraft:bone":14,"minecraft:acacia_planks":5,"minecraft:kelp":4,"minecraft:wheat_seeds":38,"minecraft:orange_tulip":1,"securitycraft:security_camera":1,"sculkhorde:infestation_purifier":9,"minecraft:cyan_candle":2,"minecraft:bamboo":16,"minecraft:moss_block":2,"minecraft:acacia_sapling":15,"iceandfire:copper_nugget":1,"minecraft:black_terracotta":83,"minecraft:birch_boat":3,"minecraft:dandelion":3,"alexscaves:uranium":2,"minecraft:gravel":2,"iceandfire:stymphalian_bird_feather":4,"minecraft:ink_sac":8,"minecraft:jungle_slab":1,"minecraft:spider_eye":2,"alexsmobs:animal_dictionary":1,"minecraft:mossy_cobblestone":1,"alexsmobs:raw_catfish":11,"minecraft:light_gray_terracotta":92,"minecraft:slime_ball":14,"minecraft:soul_lantern":42,"tombstone:magic_scroll":2,"minecraft:emerald":2,"alexsmobs:maggot":4,"minecraft:terracotta":1,"minecraft:coal":20,"minecraft:mangrove_propagule":1,"iceandfire:raw_silver":1},"minecraft:killed":{"minecraft:witch":1,"creeperoverhaul:badlands_creeper":8,"minecraft:spider":5,"alexsmobs:shoebill":1,"minecraft:slime":30,"enemyexpansion:direwolf":13,"sculkhorde:sculk_phantom_corpse":2,"sculkhorde:sculk_mite_aggressor":1,"minecraft:skeleton":9,"sculkhorde:sculk_spitter":1,"minecraft:pig":1,"minecraft:zombie_villager":1,"man:managgresive":1,"enemyexpansion:sprinter":2,"minecraft:wandering_trader":1,"alexsmobs:catfish":2,"minecraft:zombie":12,"iceandfire:ghost":26,"enemyexpansion:botfly":4,"alexsmobs:fly":1,"enemyexpansion:slugger":1},"minecraft:killed_by":{"minecraft:player":2,"minecraft:phantom":1},"minecraft:broken":{"minecraft:iron_boots":2,"minecraft:iron_chestplate":1,"minecraft:iron_leggings":1,"minecraft:iron_helmet":1,"minecraft:wooden_hoe":2},"minecraft:custom":{"minecraft:mob_kills":131,"minecraft:interact_with_crafting_table":7,"minecraft:open_barrel":7,"minecraft:interact_with_campfire":21,"minecraft:leave_game":8,"minecraft:time_since_death":24776,"minecraft:climb_one_cm":9727,"minecraft:sprint_one_cm":301743,"minecraft:walk_one_cm":778206,"minecraft:drop":128,"minecraft:talked_to_villager":1,"minecraft:play_time":469352,"minecraft:deaths":20,"minecraft:sneak_time":21336,"minecraft:walk_under_water_one_cm":229882,"minecraft:jump":3206,"minecraft:walk_on_water_one_cm":64396,"minecraft:total_world_time":469352,"minecraft:interact_with_furnace":6,"tombstone:raider_killed":1,"minecraft:sleep_in_bed":5,"minecraft:time_since_rest":11634,"minecraft:waystone_activated":1,"minecraft:damage_taken":536868,"minecraft:damage_absorbed":40,"minecraft:trigger_trapped_chest":24,"minecraft:damage_dealt":30340,"minecraft:swim_one_cm":77810,"minecraft:fly_one_cm":1791984,"minecraft:open_chest":19,"minecraft:crouch_one_cm":33582,"tombstone:undead_killed":51,"tombstone:villager_killed":1,"minecraft:fall_one_cm":101631,"minecraft:horse_one_cm":186},"minecraft:used":{"minecraft:oak_fence":3,"biomesoplenty:redwood_leaves":91,"minecraft:rose_bush":1,"minecraft:acacia_log":2,"minecraft:flint_and_steel":24,"minecraft:tropical_fish":1,"minecraft:oak_sign":1,"minecraft:white_terracotta":171,"minecraft:iron_sword":295,"securitycraft:security_camera":1,"minecraft:mangrove_hanging_sign":10,"minecraft:grass":1,"minecraft:rotten_flesh":7,"minecraft:torch":1,"securitycraft:reinforced_soul_lantern":15,"minecraft:dirt":92,"cataclysm:obsidian_brick_wall":227,"cataclysm:black_steel_fence":14,"biomesoplenty:dead_hanging_sign":1,"alexscaves:scarlet_magnet":5,"minecraft:jungle_planks":39,"alexscaves:glow_ink_bomb":6,"minecraft:carrot":5,"minecraft:jungle_slab":27,"minecraft:acacia_sapling":13,"minecraft:axolotl_bucket":3,"minecraft:obsidian":6,"securitycraft:secret_spruce_sign_item":5,"minecraft:glass":20,"minecraft:brown_terracotta":2,"alexsmobs:maggot":1,"minecraft:grass_block":93,"minecraft:lantern":1,"biomesoplenty:redwood_wood":21,"alexscaves:submarine":4,"biomesoplenty:umbran_hanging_sign":1,"minecraft:iron_boots":1,"minecraft:barrel":3,"minecraft:stone_bricks":30,"biomesoplenty:mahogany_sapling":18,"minecraft:bamboo":15,"cataclysm:obsidian_brick_stairs":136,"minecraft:bow":5,"alexsmobs:banana":1,"tombstone:gift":3,"minecraft:acacia_planks":60,"minecraft:green_stained_glass_pane":2,"minecraft:crimson_hanging_sign":2,"alexsmobs:raw_catfish":2,"alexsmobs:cooked_catfish":6,"securitycraft:electrified_iron_fence":22,"minecraft:water_bucket":3,"securitycraft:projector":2,"minecraft:birch_planks":9,"minecraft:jungle_fence":2,"biomesoplenty:redwood_sapling":49,"minecraft:orange_tulip":1,"minecraft:birch_boat":3,"sculkhorde:infestation_purifier":9,"iceandfire:stymphalian_bird_dagger":226,"minecraft:glow_ink_sac":4,"biomesoplenty:willow_sapling":1,"minecraft:golden_apple":1,"minecraft:acacia_hanging_sign":1,"stalwart_dungeons:soul_bricks":1,"minecraft:tnt":30,"minecraft:crafting_table":4,"minecraft:red_bed":3,"minecraft:light_gray_terracotta":46,"minecraft:acacia_leaves":32,"minecraft:spruce_log":27,"biomesoplenty:redwood_hanging_sign":1,"minecraft:black_terracotta":42,"antlers:jerkey":13,"minecraft:wooden_hoe":120,"minecraft:light":78,"minecraft:apple":2,"minecraft:cherry_hanging_sign":1,"minecraft:melon_slice":32,"minecraft:bread":12,"minecraft:barrier":469,"minecraft:iron_pickaxe":99,"minecraft:deepslate":37,"minecraft:gravel":2,"minecraft:soul_lantern":39,"minecraft:cobblestone":30,"sculkhorde:purification_flask":83,"sculkhorde:sculk_sweeper_sword":15,"minecraft:cooked_porkchop":1,"minecraft:stripped_oak_wood":26,"securitycraft:admin_tool":2,"minecraft:bucket":7,"alexsmobs:animal_dictionary":1,"securitycraft:retinal_scanner":1,"alexscaves:magnetic_light":1,"minecraft:coarse_dirt":35,"minecraft:splash_potion":98,"minecraft:bone_meal":72,"cataclysm:obsidian_bricks":11},"minecraft:crafted":{"minecraft:birch_boat":1,"minecraft:iron_boots":1,"minecraft:cooked_porkchop":1,"minecraft:crafting_table":4,"minecraft:iron_helmet":2,"minecraft:bucket":1,"minecraft:birch_planks":24,"minecraft:air":0,"minecraft:wooden_hoe":2,"minecraft:iron_chestplate":1,"iceandfire:stymphalian_bird_dagger":1,"minecraft:stick":4,"minecraft:iron_leggings":1,"minecraft:acacia_planks":76},"minecraft:mined":{"biomesoplenty:spanish_moss":5,"biomesoplenty:watergrass":4,"iceandfire:graveyard_soil":5,"minecraft:mossy_cobblestone":1,"minecraft:mossy_stone_brick_slab":1,"minecraft:mangrove_roots":8,"minecraft:acacia_log":19,"minecraft:grass_block":33,"minecraft:moss_block":3,"minecraft:kelp":1,"minecraft:large_fern":20,"minecraft:magma_block":1,"farmersdelight:wild_rice":2,"minecraft:fire":7,"minecraft:acacia_wood":2,"minecraft:moss_carpet":1,"minecraft:mossy_stone_brick_stairs":1,"minecraft:vine":1,"minecraft:cobblestone_slab":1,"minecraft:cave_vines":1,"regions_unexplored:medium_grass":1,"minecraft:bamboo":1,"minecraft:stone":43,"minecraft:blue_orchid":1,"minecraft:oak_slab":1,"minecraft:acacia_leaves":355,"minecraft:red_bed":4,"minecraft:kelp_plant":1,"regions_unexplored:duckweed":3,"minecraft:dandelion":2,"minecraft:crafting_table":1,"minecraft:melon":9,"minecraft:dead_bush":2,"minecraft:rose_bush":3,"minecraft:tall_grass":109,"minecraft:cobblestone":2,"minecraft:lily_pad":1,"minecraft:sugar_cane":3,"minecraft:wall_torch":1,"minecraft:skeleton_skull":1,"minecraft:seagrass":1,"minecraft:coarse_dirt":12,"minecraft:mud":1,"minecraft:birch_log":7,"minecraft:mangrove_leaves":2,"minecraft:orange_tulip":1,"minecraft:grass":152,"minecraft:coal_ore":20,"minecraft:gravel":2,"minecraft:dirt":82,"minecraft:small_dripleaf":1,"minecraft:netherrack":15,"minecraft:oak_leaves":6,"minecraft:fern":90}},"DataVersion":3465}