{"stats":{"minecraft:custom":{"minecraft:interact_with_crafting_table":14,"minecraft:open_barrel":19,"minecraft:bell_ring":2,"minecraft:leave_game":16,"minecraft:time_since_death":31090,"minecraft:damage_resisted":4871,"minecraft:sprint_one_cm":570757,"minecraft:drop":244,"minecraft:talked_to_villager":1,"minecraft:play_time":655575,"minecraft:deaths":39,"minecraft:jump":5590,"minecraft:walk_on_water_one_cm":160009,"minecraft:interact_with_furnace":6,"minecraft:sleep_in_bed":12,"minecraft:waystone_activated":2,"minecraft:damage_dealt":55255,"minecraft:player_kills":1,"minecraft:crouch_one_cm":38006,"tombstone:undead_killed":70,"tombstone:villager_killed":1,"minecraft:interact_with_smoker":10,"minecraft:horse_one_cm":186,"minecraft:mob_kills":174,"minecraft:interact_with_anvil":1,"minecraft:interact_with_campfire":44,"minecraft:climb_one_cm":14633,"minecraft:walk_one_cm":1123473,"minecraft:sneak_time":23012,"minecraft:walk_under_water_one_cm":284096,"minecraft:total_world_time":655575,"tombstone:raider_killed":3,"minecraft:time_since_rest":12278,"minecraft:damage_taken":553137,"minecraft:damage_absorbed":80,"minecraft:trigger_trapped_chest":31,"minecraft:swim_one_cm":180123,"minecraft:fly_one_cm":2430299,"minecraft:open_chest":43,"minecraft:fall_one_cm":148891},"minecraft:killed_by":{"minecraft:player":4,"iceandfire:hydra":1,"minecraft:phantom":2},"minecraft:killed":{"minecraft:witch":1,"minecraft:spider":10,"alexsmobs:shoebill":1,"iceandfire:stymphalian_bird":1,"sculkhorde:sculk_mite_aggressor":1,"minecraft:skeleton":12,"minecraft:pig":2,"minecraft:zombie_villager":1,"man:managgresive":1,"iceandfire:hydra":1,"minecraft:zombie":17,"enemyexpansion:botfly":4,"alexsmobs:fly":1,"creeperoverhaul:badlands_creeper":8,"minecraft:slime":38,"enemyexpansion:direwolf":14,"minecraft:phantom":2,"sculkhorde:sculk_phantom_corpse":2,"sculkhorde:sculk_spitter":1,"enemyexpansion:sprinter":2,"minecraft:wandering_trader":1,"alexsmobs:catfish":4,"iceandfire:ghost":35,"enemyexpansion:slugger":1},"minecraft:crafted":{"minecraft:birch_boat":1,"minecraft:iron_boots":1,"minecraft:cooked_porkchop":1,"minecraft:crafting_table":4,"minecraft:iron_helmet":3,"minecraft:birch_planks":24,"minecraft:wooden_hoe":2,"minecraft:iron_chestplate":3,"minecraft:stick":4,"antlers:jerkey":19,"minecraft:bucket":1,"minecraft:air":0,"iceandfire:stymphalian_bird_dagger":1,"minecraft:iron_leggings":2,"minecraft:acacia_planks":76},"minecraft:mined":{"biomesoplenty:spanish_moss":6,"iceandfire:graveyard_soil":5,"minecraft:mossy_stone_brick_slab":1,"minecraft:spruce_trapdoor":1,"minecraft:acacia_log":19,"minecraft:grass_block":42,"minecraft:tall_seagrass":4,"minecraft:magma_block":1,"farmersdelight:wild_rice":2,"minecraft:fire":7,"minecraft:moss_carpet":6,"minecraft:brown_bed":1,"minecraft:cave_vines":1,"minecraft:blue_orchid":1,"minecraft:red_bed":4,"minecraft:kelp_plant":1,"regions_unexplored:duckweed":28,"minecraft:melon":9,"minecraft:dead_bush":2,"minecraft:cobblestone":2,"minecraft:cyan_bed":1,"minecraft:sugar_cane":29,"minecraft:wall_torch":1,"minecraft:skeleton_skull":1,"minecraft:seagrass":1,"regions_unexplored:hyssop":1,"minecraft:mud":1,"minecraft:birch_log":7,"minecraft:wheat":1,"minecraft:orange_tulip":1,"antlers:bloody_pig":4,"minecraft:grass":295,"minecraft:dirt":91,"antlers:bloody_cow":3,"minecraft:netherrack":15,"minecraft:oak_leaves":8,"biomesoplenty:watergrass":4,"minecraft:mossy_cobblestone":1,"antlers:bloody_fox":1,"minecraft:mangrove_roots":8,"minecraft:kelp":1,"minecraft:moss_block":8,"minecraft:red_mushroom":1,"minecraft:large_fern":21,"minecraft:acacia_wood":2,"minecraft:orange_stained_glass_pane":2,"minecraft:mossy_stone_brick_stairs":1,"minecraft:potatoes":1,"minecraft:cobblestone_slab":1,"minecraft:vine":2,"regions_unexplored:medium_grass":5,"minecraft:bamboo":1,"minecraft:stone":43,"biomesoplenty:spider_egg":1,"regions_unexplored:redwood_shrub":3,"minecraft:birch_stairs":1,"minecraft:oak_slab":1,"minecraft:acacia_leaves":355,"minecraft:dandelion":2,"minecraft:crafting_table":1,"minecraft:rose_bush":3,"minecraft:tall_grass":434,"minecraft:lily_pad":3,"minecraft:coarse_dirt":12,"antlers:sheep_corpse":3,"minecraft:mangrove_leaves":2,"regions_unexplored:sandy_grass":8,"minecraft:coal_ore":20,"minecraft:gravel":2,"minecraft:small_dripleaf":1,"minecraft:fern":102},"minecraft:used":{"minecraft:moss_block":3,"biomesoplenty:redwood_leaves":91,"minecraft:oak_sign":1,"minecraft:chest":1,"minecraft:white_terracotta":171,"minecraft:iron_sword":622,"securitycraft:security_camera":1,"minecraft:grass":1,"minecraft:mangrove_hanging_sign":10,"minecraft:rotten_flesh":7,"minecraft:iron_chestplate":1,"securitycraft:reinforced_soul_lantern":15,"cataclysm:obsidian_brick_wall":227,"biomesoplenty:dead_hanging_sign":1,"alexscaves:scarlet_magnet":5,"minecraft:jungle_planks":39,"alexscaves:glow_ink_bomb":6,"minecraft:carrot":5,"minecraft:jungle_slab":27,"minecraft:acacia_sapling":13,"minecraft:axolotl_bucket":3,"minecraft:milk_bucket":1,"minecraft:obsidian":6,"minecraft:glass":20,"securitycraft:secret_spruce_sign_item":5,"minecraft:lantern":2,"minecraft:grass_block":93,"biomesoplenty:umbran_hanging_sign":1,"minecraft:iron_helmet":1,"minecraft:stone_bricks":30,"biomesoplenty:mahogany_sapling":18,"minecraft:bow":5,"immersive_aircraft:biplane":1,"minecraft:green_stained_glass_pane":2,"alexsmobs:raw_catfish":4,"securitycraft:electrified_iron_fence":22,"minecraft:jungle_fence":2,"minecraft:orange_tulip":1,"sculkhorde:infestation_purifier":9,"iceandfire:stymphalian_bird_dagger":450,"biomesoplenty:willow_sapling":1,"minecraft:glow_berries":5,"minecraft:golden_apple":2,"stalwart_dungeons:soul_bricks":1,"minecraft:light_gray_terracotta":46,"minecraft:acacia_leaves":32,"minecraft:black_terracotta":42,"antlers:jerkey":34,"minecraft:cherry_hanging_sign":1,"minecraft:cyan_bed":1,"minecraft:melon_slice":32,"minecraft:bread":26,"minecraft:barrier":469,"tombstone:grave_key":4,"minecraft:deepslate":37,"minecraft:gravel":2,"minecraft:soul_lantern":39,"sculkhorde:purification_flask":83,"minecraft:stripped_oak_wood":26,"securitycraft:retinal_scanner":1,"alexscaves:magnetic_light":1,"minecraft:coarse_dirt":35,"minecraft:bone_meal":72,"minecraft:oak_fence":3,"minecraft:rose_bush":1,"minecraft:acacia_log":2,"minecraft:flint_and_steel":24,"minecraft:tropical_fish":1,"minecraft:torch":1,"minecraft:dirt":105,"cataclysm:black_steel_fence":14,"minecraft:anvil":2,"minecraft:wheat":2,"minecraft:brown_terracotta":2,"alexsmobs:maggot":1,"biomesoplenty:redwood_wood":21,"alexscaves:submarine":4,"minecraft:iron_boots":1,"minecraft:barrel":3,"minecraft:bamboo":15,"cataclysm:obsidian_brick_stairs":136,"alexsmobs:banana":1,"tombstone:gift":4,"minecraft:acacia_planks":60,"minecraft:iron_leggings":1,"minecraft:brown_bed":1,"iceandfire:spawn_egg_hydra":1,"minecraft:crimson_hanging_sign":2,"minecraft:wheat_seeds":4,"minecraft:water_bucket":3,"alexsmobs:cooked_catfish":10,"securitycraft:projector":2,"minecraft:birch_planks":9,"minecraft:cyan_candle":2,"minecraft:baked_potato":32,"biomesoplenty:redwood_sapling":49,"minecraft:birch_boat":4,"minecraft:glow_ink_sac":4,"minecraft:acacia_hanging_sign":1,"minecraft:tnt":30,"minecraft:crafting_table":5,"minecraft:red_bed":4,"minecraft:spruce_log":27,"alexsmobs:flying_fish":1,"biomesoplenty:redwood_hanging_sign":1,"minecraft:wooden_hoe":120,"minecraft:light":78,"minecraft:apple":2,"minecraft:iron_pickaxe":99,"iceandfire:graveyard_soil":2,"tombstone:magic_scroll":1,"minecraft:spruce_trapdoor":1,"minecraft:cobblestone":30,"sculkhorde:sculk_sweeper_sword":15,"minecraft:cooked_porkchop":1,"securitycraft:admin_tool":2,"minecraft:bucket":7,"alexsmobs:animal_dictionary":1,"minecraft:birch_stairs":1,"minecraft:splash_potion":98,"cataclysm:obsidian_bricks":11},"minecraft:broken":{"minecraft:iron_boots":3,"minecraft:iron_chestplate":3,"minecraft:iron_leggings":2,"minecraft:iron_helmet":2,"minecraft:wooden_hoe":2},"minecraft:dropped":{"minecraft:iron_sword":1,"minecraft:moss_block":3,"minecraft:birch_planks":4,"minecraft:oak_log":8,"minecraft:crafting_table":1,"minecraft:lantern":1,"iceandfire:ectoplasm":3,"minecraft:red_mushroom":1,"minecraft:emerald":4,"minecraft:dirt":30,"minecraft:grass":1,"cataclysm:obsidian_brick_stairs":1,"minecraft:bone":3,"iceandfire:stymphalian_bird_feather":1,"minecraft:sugar_cane":1,"minecraft:mangrove_roots":13,"biomesoplenty:redwood_sapling":12,"minecraft:wheat":2,"minecraft:black_terracotta":48,"minecraft:rotten_flesh":10,"iceandfire:amphithere_arrow":1,"regions_unexplored:duckweed":6,"minecraft:skeleton_skull":2,"minecraft:melon_seeds":4,"minecraft:acacia_sapling":2,"mahoutsukai:powdered_diamond":1,"minecraft:arrow":7,"minecraft:glass":2,"minecraft:splash_potion":2,"minecraft:wheat_seeds":108,"minecraft:mossy_cobblestone":1,"securitycraft:security_camera":1,"minecraft:feather":6,"minecraft:barrier":1,"minecraft:cobblestone":4,"minecraft:lead":3,"minecraft:tropical_fish":3,"minecraft:acacia_log":3,"minecraft:grass_block":1,"minecraft:coal":16,"minecraft:pufferfish":47,"minecraft:stick":1,"minecraft:jungle_slab":1,"iceandfire:copper_nugget":1,"minecraft:torch":1,"tombstone:grave_key":4,"minecraft:rose_bush":4,"minecraft:melon_slice":1,"tombstone:grave_dust":3,"minecraft:iron_leggings":2,"minecraft:brown_terracotta":3,"minecraft:oak_stairs":3,"minecraft:wither_rose":1,"iceandfire:stymphalian_bird_dagger":2,"minecraft:mud":1,"minecraft:string":3,"minecraft:lily_pad":49,"minecraft:bucket":2,"minecraft:acacia_planks":5,"minecraft:oxidized_copper":1,"minecraft:dandelion":3,"iceandfire:dragonbone":6,"minecraft:moss_carpet":11,"minecraft:kelp":4,"alexsmobs:maggot":2,"minecraft:coarse_dirt":7,"minecraft:acacia_leaves":1,"cataclysm:obsidian_bricks":1,"minecraft:oak_sapling":1,"minecraft:bamboo":1,"minecraft:birch_boat":1,"securitycraft:retinal_scanner":1,"alexsmobs:mosquito_larva":2,"minecraft:terracotta":1},"minecraft:picked_up":{"cataclysm:void_scatter_arrow":1,"minecraft:iron_chestplate":1,"minecraft:wheat":4,"minecraft:anvil":1,"minecraft:lead":15,"minecraft:brown_bed":1,"minecraft:oak_stairs":3,"minecraft:enchanted_book":3,"minecraft:string":7,"securitycraft:reinforced_soul_lantern":3,"minecraft:raw_copper":35,"minecraft:iron_leggings":1,"minecraft:pufferfish":24,"minecraft:bucket":1,"minecraft:rose_bush":5,"minecraft:cobblestone_slab":1,"minecraft:iron_pickaxe":1,"biomesoplenty:redwood_wood":16,"minecraft:melon_slice":55,"minecraft:stick":11,"minecraft:brown_terracotta":83,"minecraft:torch":19,"minecraft:acacia_log":22,"minecraft:porkchop":8,"tombstone:grave_dust":28,"minecraft:rotten_flesh":77,"minecraft:tropical_fish":12,"alexsmobs:emu_egg":1,"farmersdelight:rope":9,"minecraft:mangrove_roots":13,"minecraft:white_terracotta":287,"antlers:jerkey":34,"minecraft:obsidian":2,"alexsmobs:flying_fish":1,"minecraft:cobblestone":108,"minecraft:birch_log":12,"iceandfire:stymphalian_bird_dagger":2,"minecraft:feather":12,"farmersdelight:rice":6,"minecraft:acacia_leaves":33,"minecraft:potato":1,"alexsmobs:mosquito_larva":6,"farmersdelight:tomato":2,"minecraft:lantern":2,"minecraft:dirt":232,"minecraft:bone":37,"minecraft:acacia_planks":5,"minecraft:orange_tulip":1,"minecraft:wheat_seeds":121,"minecraft:raw_gold":6,"sculkhorde:infestation_purifier":9,"minecraft:cyan_candle":4,"minecraft:bamboo":16,"minecraft:moss_block":6,"minecraft:black_terracotta":83,"minecraft:cooked_porkchop":3,"minecraft:axolotl_bucket":1,"alexsmobs:shark_tooth":2,"alexscaves:uranium":2,"iceandfire:stymphalian_bird_feather":17,"minecraft:ink_sac":8,"minecraft:cyan_bed":1,"minecraft:jungle_slab":1,"alexsmobs:animal_dictionary":2,"minecraft:mossy_cobblestone":1,"minecraft:light_gray_terracotta":92,"minecraft:diamond":3,"minecraft:soul_lantern":42,"regions_unexplored:redwood_shrub":1,"alexsmobs:tarantula_hawk_wing_fragment":1,"minecraft:bread":22,"minecraft:emerald":4,"alexsmobs:maggot":4,"minecraft:oak_sapling":1,"iceandfire:raw_silver":1,"biomesoplenty:redwood_log":2,"alexscaves:sea_pig":1,"iceandfire:dragon_skull_lightning":1,"minecraft:mud":1,"minecraft:coarse_dirt":16,"minecraft:crafting_table":3,"minecraft:splash_potion":2,"minecraft:brown_mushroom":1,"iceandfire:chain":5,"minecraft:mangrove_hanging_sign":1,"alexsmobs:cooked_catfish":13,"minecraft:red_bed":5,"alexsmobs:shed_snake_skin":2,"minecraft:moss_carpet":10,"immersive_aircraft:biplane":1,"minecraft:iron_shovel":1,"minecraft:blue_orchid":1,"iceandfire:graveyard_soil":2,"minecraft:spruce_slab":1,"minecraft:sugar_cane":119,"minecraft:chest":1,"minecraft:spruce_trapdoor":1,"minecraft:phantom_membrane":18,"regions_unexplored:duckweed":6,"iceandfire:dragonbone":35,"minecraft:copper_ingot":17,"minecraft:carrot":18,"minecraft:tnt":2,"minecraft:arrow":23,"minecraft:gold_ingot":13,"tombstone:essence_of_undeath":1,"biomesoplenty:redwood_sapling":21,"minecraft:glow_berries":4,"minecraft:skeleton_skull":4,"alexsmobs:acacia_blossom":4,"minecraft:acacia_wood":2,"minecraft:filled_map":1,"minecraft:oak_log":8,"minecraft:lily_pad":49,"iceandfire:ectoplasm":3,"tombstone:gift":1,"man:cassette_1safetyinstructions":1,"minecraft:apple":7,"minecraft:kelp":4,"securitycraft:security_camera":1,"minecraft:iron_ingot":43,"minecraft:iron_sword":1,"minecraft:acacia_sapling":15,"minecraft:milk_bucket":1,"iceandfire:copper_nugget":2,"enemyexpansion:phantom_eye":1,"minecraft:birch_boat":4,"minecraft:dandelion":3,"minecraft:gravel":2,"minecraft:birch_stairs":1,"minecraft:spider_eye":2,"alexsmobs:raw_catfish":14,"minecraft:slime_ball":32,"minecraft:terracotta":1,"minecraft:baked_potato":32,"tombstone:magic_scroll":4,"minecraft:mangrove_propagule":1,"minecraft:coal":20,"minecraft:ender_pearl":2}},"DataVersion":3465}