{"stats":{"minecraft:dropped":{"minecraft:kelp":2,"alexsmobs:maggot":2,"minecraft:wheat_seeds":3,"minecraft:coarse_dirt":3,"securitycraft:security_camera":1,"minecraft:barrier":1,"minecraft:rotten_flesh":3,"minecraft:black_terracotta":48,"minecraft:lantern":1,"minecraft:grass_block":1,"minecraft:jungle_slab":1,"minecraft:grass":1,"cataclysm:obsidian_bricks":1,"minecraft:torch":1,"tombstone:grave_key":1,"mahoutsukai:powdered_diamond":1,"minecraft:brown_terracotta":3,"minecraft:glass":2,"cataclysm:obsidian_brick_stairs":1,"minecraft:oxidized_copper":1,"securitycraft:retinal_scanner":1,"minecraft:terracotta":1},"minecraft:picked_up":{"minecraft:birch_log":6,"alexscaves:sea_pig":1,"biomesoplenty:redwood_log":2,"minecraft:coarse_dirt":2,"iceandfire:chain":1,"minecraft:mangrove_hanging_sign":1,"minecraft:dirt":98,"minecraft:string":1,"securitycraft:reinforced_soul_lantern":3,"minecraft:lantern":1,"minecraft:raw_copper":7,"man:cassette_1safetyinstructions":1,"minecraft:iron_shovel":1,"minecraft:bone":7,"minecraft:kelp":2,"minecraft:wheat_seeds":10,"securitycraft:security_camera":1,"sculkhorde:infestation_purifier":9,"biomesoplenty:redwood_wood":16,"minecraft:stick":3,"minecraft:black_terracotta":83,"minecraft:brown_terracotta":83,"minecraft:copper_ingot":8,"minecraft:torch":19,"alexscaves:uranium":2,"tombstone:grave_dust":1,"minecraft:spider_eye":2,"alexsmobs:animal_dictionary":1,"minecraft:tnt":2,"minecraft:light_gray_terracotta":92,"minecraft:arrow":5,"minecraft:rotten_flesh":4,"minecraft:soul_lantern":42,"minecraft:white_terracotta":287,"minecraft:emerald":1,"biomesoplenty:redwood_sapling":8,"alexsmobs:maggot":3,"minecraft:terracotta":1,"minecraft:mangrove_propagule":1,"iceandfire:raw_silver":1,"minecraft:cobblestone":54},"minecraft:killed":{"minecraft:witch":1,"creeperoverhaul:badlands_creeper":8,"minecraft:zombie_villager":1,"man:managgresive":1,"minecraft:spider":5,"enemyexpansion:sprinter":2,"enemyexpansion:direwolf":12,"sculkhorde:sculk_phantom_corpse":2,"sculkhorde:sculk_mite_aggressor":1,"minecraft:skeleton":3,"minecraft:zombie":4,"sculkhorde:sculk_spitter":1,"enemyexpansion:botfly":4,"enemyexpansion:slugger":1},"minecraft:killed_by":{"minecraft:player":2},"minecraft:custom":{"minecraft:mob_kills":48,"tombstone:raider_killed":1,"minecraft:open_barrel":4,"minecraft:leave_game":4,"minecraft:time_since_death":3850,"minecraft:climb_one_cm":3321,"minecraft:time_since_rest":2714,"minecraft:waystone_activated":1,"minecraft:sprint_one_cm":95594,"minecraft:damage_taken":4790,"minecraft:walk_one_cm":309968,"minecraft:drop":34,"minecraft:damage_dealt":17056,"minecraft:swim_one_cm":32761,"minecraft:fly_one_cm":1412074,"minecraft:open_chest":2,"minecraft:crouch_one_cm":11865,"minecraft:play_time":307834,"tombstone:undead_killed":11,"minecraft:deaths":5,"minecraft:sneak_time":12658,"minecraft:walk_under_water_one_cm":191966,"minecraft:jump":826,"minecraft:walk_on_water_one_cm":15261,"minecraft:total_world_time":307834,"minecraft:fall_one_cm":42907},"minecraft:used":{"minecraft:oak_fence":3,"securitycraft:electrified_iron_fence":22,"biomesoplenty:redwood_leaves":91,"securitycraft:projector":2,"minecraft:flint_and_steel":24,"minecraft:jungle_fence":2,"biomesoplenty:redwood_sapling":48,"minecraft:oak_sign":1,"minecraft:white_terracotta":171,"securitycraft:security_camera":1,"biomesoplenty:willow_sapling":1,"sculkhorde:infestation_purifier":9,"minecraft:mangrove_hanging_sign":10,"minecraft:glow_ink_sac":4,"minecraft:grass":1,"minecraft:torch":1,"securitycraft:reinforced_soul_lantern":15,"minecraft:dirt":1,"cataclysm:obsidian_brick_wall":227,"cataclysm:black_steel_fence":14,"minecraft:acacia_hanging_sign":1,"stalwart_dungeons:soul_bricks":1,"minecraft:tnt":30,"biomesoplenty:dead_hanging_sign":1,"minecraft:jungle_planks":39,"alexscaves:scarlet_magnet":5,"alexscaves:glow_ink_bomb":6,"minecraft:light_gray_terracotta":46,"minecraft:jungle_slab":27,"minecraft:spruce_log":27,"securitycraft:secret_spruce_sign_item":5,"minecraft:glass":20,"biomesoplenty:redwood_hanging_sign":1,"minecraft:black_terracotta":42,"minecraft:brown_terracotta":2,"minecraft:light":78,"minecraft:cherry_hanging_sign":1,"minecraft:grass_block":93,"minecraft:lantern":1,"biomesoplenty:redwood_wood":21,"minecraft:barrier":469,"biomesoplenty:umbran_hanging_sign":1,"alexscaves:submarine":4,"minecraft:deepslate":37,"minecraft:stone_bricks":30,"minecraft:barrel":3,"minecraft:soul_lantern":39,"biomesoplenty:mahogany_sapling":18,"cataclysm:obsidian_brick_stairs":136,"minecraft:bow":5,"sculkhorde:sculk_sweeper_sword":15,"sculkhorde:purification_flask":83,"minecraft:stripped_oak_wood":26,"securitycraft:admin_tool":2,"tombstone:gift":1,"alexsmobs:animal_dictionary":1,"securitycraft:retinal_scanner":1,"alexscaves:magnetic_light":1,"minecraft:coarse_dirt":28,"minecraft:splash_potion":98,"minecraft:bone_meal":72,"minecraft:green_stained_glass_pane":2,"cataclysm:obsidian_bricks":11,"minecraft:crimson_hanging_sign":2},"minecraft:mined":{"minecraft:oak_slab":1,"minecraft:kelp_plant":1,"minecraft:grass_block":1,"minecraft:tall_grass":1,"minecraft:kelp":1,"minecraft:wall_torch":1,"minecraft:coarse_dirt":2,"minecraft:grass":12}},"DataVersion":3465}