{"stats":{"minecraft:custom":{"minecraft:interact_with_furnace":6,"minecraft:mob_kills":15,"minecraft:interact_with_crafting_table":11,"minecraft:open_barrel":3,"minecraft:leave_game":1,"minecraft:time_since_death":277,"minecraft:sleep_in_bed":1,"minecraft:climb_one_cm":5761,"minecraft:time_since_rest":86,"minecraft:waystone_activated":1,"minecraft:sprint_one_cm":60674,"minecraft:damage_taken":2921,"minecraft:walk_one_cm":44447,"minecraft:drop":20,"minecraft:damage_dealt":2841,"minecraft:swim_one_cm":79404,"minecraft:fly_one_cm":184435,"minecraft:open_chest":12,"minecraft:crouch_one_cm":4597,"minecraft:play_time":33268,"tombstone:undead_killed":5,"minecraft:deaths":8,"minecraft:sneak_time":2552,"minecraft:walk_under_water_one_cm":18084,"minecraft:boat_one_cm":17346,"minecraft:jump":685,"minecraft:walk_on_water_one_cm":20193,"minecraft:total_world_time":33268,"minecraft:fall_one_cm":17944},"minecraft:killed":{"minecraft:spider":1,"minecraft:iron_golem":1,"minecraft:skeleton":1,"minecraft:zombie":4,"alexsmobs:flying_fish":8},"minecraft:crafted":{"minecraft:oak_planks":32,"minecraft:crafting_table":1,"minecraft:wooden_pickaxe":1,"minecraft:furnace":1,"minecraft:copper_ingot":11,"minecraft:birch_planks":8,"minecraft:stone_axe":1,"minecraft:diamond_pickaxe":1,"minecraft:stick":12,"minecraft:stone_pickaxe":1,"minecraft:stone_sword":1,"minecraft:gold_ingot":1,"alexsmobs:flying_fish_boots":1},"minecraft:mined":{"iceandfire:pixie_jar_empty":2,"minecraft:kelp_plant":1,"iceandfire:copper_pile":12,"minecraft:crafting_table":3,"minecraft:tall_grass":3,"minecraft:cobblestone":1,"minecraft:sugar_cane":5,"minecraft:spawner":1,"minecraft:furnace":1,"minecraft:carrots":4,"minecraft:birch_log":2,"minecraft:fire":2,"minecraft:andesite":1,"minecraft:grass":1,"minecraft:oak_log":8,"minecraft:coal_ore":11,"minecraft:gravel":4,"minecraft:cobweb":4,"minecraft:stone":23},"minecraft:used":{"minecraft:stone_sword":69,"minecraft:stone_pickaxe":31,"minecraft:wooden_pickaxe":5,"minecraft:crafting_table":4,"minecraft:carrot":1,"alexsmobs:flying_fish":2,"minecraft:diamond_pickaxe":18,"minecraft:iron_helmet":1,"minecraft:stone_axe":19,"minecraft:cobblestone":6,"minecraft:furnace":2,"minecraft:andesite":1,"tombstone:gift":3,"minecraft:cobweb":4},"minecraft:dropped":{"minecraft:gravel":1,"minecraft:wheat_seeds":1,"minecraft:wheat":2,"minecraft:iron_helmet":2,"minecraft:cobblestone":2,"minecraft:rotten_flesh":5,"minecraft:stick":3,"minecraft:flint":1,"minecraft:poppy":2,"iceandfire:copper_nugget":1,"minecraft:arrow":1,"minecraft:stone_pickaxe":1,"minecraft:wooden_pickaxe":2,"minecraft:string":1,"iceandfire:manuscript":2,"minecraft:bone":1,"iceandfire:dragonbone":1},"minecraft:picked_up":{"minecraft:birch_log":2,"minecraft:crafting_table":3,"minecraft:jungle_boat":1,"minecraft:andesite":1,"minecraft:wooden_pickaxe":1,"minecraft:potato":1,"minecraft:flint":2,"minecraft:oak_log":8,"minecraft:string":5,"minecraft:bone":1,"iceandfire:pixie_jar_empty":2,"minecraft:wheat_seeds":1,"minecraft:iron_ingot":3,"minecraft:poppy":2,"minecraft:sugar_cane":11,"minecraft:furnace":1,"minecraft:golden_helmet":1,"iceandfire:copper_nugget":100,"minecraft:gravel":1,"minecraft:carrot":7,"minecraft:arrow":1,"minecraft:rotten_flesh":6,"minecraft:golden_hoe":1,"minecraft:iron_helmet":1,"minecraft:coal":24,"alexsmobs:flying_fish":7,"minecraft:cobblestone":24}},"DataVersion":3465}