{"stats":{"minecraft:custom":{"minecraft:mob_kills":45,"minecraft:interact_with_crafting_table":34,"minecraft:open_barrel":12,"minecraft:leave_game":1,"minecraft:time_since_death":1409,"minecraft:climb_one_cm":7345,"minecraft:sprint_one_cm":135557,"minecraft:walk_one_cm":112002,"minecraft:damage_blocked_by_shield":60,"minecraft:drop":41,"minecraft:play_time":69268,"minecraft:deaths":9,"minecraft:sneak_time":4566,"minecraft:walk_under_water_one_cm":49804,"minecraft:boat_one_cm":17346,"minecraft:jump":1244,"minecraft:walk_on_water_one_cm":44046,"minecraft:total_world_time":69268,"minecraft:interact_with_furnace":6,"tombstone:raider_killed":6,"minecraft:sleep_in_bed":4,"minecraft:time_since_rest":0,"minecraft:waystone_activated":1,"minecraft:damage_taken":5209,"minecraft:damage_dealt":8561,"minecraft:swim_one_cm":91062,"minecraft:fly_one_cm":349596,"minecraft:open_chest":22,"minecraft:crouch_one_cm":12749,"tombstone:undead_killed":21,"minecraft:fall_one_cm":30173},"minecraft:killed":{"minecraft:vindicator":1,"minecraft:spider":1,"minecraft:horse":1,"minecraft:skeleton":1,"alexsmobs:flying_fish":8,"minecraft:pig":3,"minecraft:zombie_villager":5,"minecraft:iron_golem":1,"enemyexpansion:sprinter":1,"minecraft:sheep":2,"minecraft:pillager":5,"minecraft:zombie":13,"enemyexpansion:huntsman":1,"minecraft:cow":2},"minecraft:mined":{"minecraft:white_bed":1,"iceandfire:copper_pile":18,"minecraft:ladder":2,"minecraft:acacia_log":6,"minecraft:grass_block":3,"minecraft:spawner":2,"minecraft:hay_block":64,"minecraft:furnace":2,"minecraft:carrots":16,"minecraft:fire":3,"minecraft:andesite":1,"minecraft:orange_stained_glass_pane":2,"minecraft:bookshelf":2,"minecraft:cobblestone_slab":3,"minecraft:stone":37,"minecraft:tripwire":3,"iceandfire:pixie_jar_empty":2,"minecraft:kelp_plant":1,"minecraft:crafting_table":9,"minecraft:chest":1,"minecraft:cobblestone":1,"minecraft:tall_grass":3,"minecraft:oak_planks":5,"minecraft:sugar_cane":5,"minecraft:spruce_stairs":3,"minecraft:birch_log":2,"minecraft:wheat":1,"minecraft:stripped_oak_wood":2,"minecraft:mangrove_leaves":3,"minecraft:grass":3,"minecraft:coal_ore":11,"minecraft:oak_log":8,"minecraft:gravel":4,"minecraft:dirt":2,"minecraft:cobweb":8},"minecraft:crafted":{"minecraft:oak_planks":32,"minecraft:cobblestone_slab":6,"minecraft:furnace":1,"minecraft:iron_hoe":1,"minecraft:stone_pickaxe":1,"shieldsplus:stone_shield":1,"alexsmobs:flying_fish_boots":1,"shieldsplus:wooden_shield":1,"minecraft:wheat":576,"sophisticatedbackpacks:backpack":1,"minecraft:crafting_table":4,"minecraft:spruce_planks":16,"minecraft:wooden_pickaxe":1,"minecraft:iron_sword":1,"minecraft:copper_ingot":16,"minecraft:birch_planks":8,"minecraft:stone_axe":1,"minecraft:bread":185,"minecraft:diamond_pickaxe":1,"minecraft:stick":16,"minecraft:iron_ingot":1,"minecraft:stone_sword":1,"minecraft:gold_ingot":2,"minecraft:white_bed":1,"minecraft:acacia_planks":20},"minecraft:used":{"minecraft:stone_sword":76,"minecraft:iron_sword":109,"minecraft:dirt":5,"minecraft:carrot":3,"minecraft:iron_hoe":16,"minecraft:lantern":1,"minecraft:iron_helmet":1,"minecraft:item_frame":1,"minecraft:furnace":2,"tombstone:gift":5,"minecraft:water_bucket":1,"minecraft:stone_pickaxe":31,"minecraft:oak_planks":5,"minecraft:wooden_pickaxe":5,"minecraft:cobblestone_slab":3,"minecraft:white_wool":2,"minecraft:crafting_table":12,"minecraft:white_bed":4,"alexsmobs:flying_fish":2,"sophisticatedbackpacks:backpack":1,"minecraft:diamond_pickaxe":44,"minecraft:bread":34,"shieldsplus:stone_shield":5,"minecraft:stone_axe":48,"minecraft:cobblestone":6,"minecraft:andesite":1,"minecraft:cobweb":8},"minecraft:picked_up":{"minecraft:crafting_table":9,"minecraft:ladder":2,"shieldsplus:wooden_shield":1,"minecraft:wooden_pickaxe":1,"minecraft:string":13,"minecraft:item_frame":1,"minecraft:beef":3,"minecraft:cobblestone_slab":3,"minecraft:poppy":2,"minecraft:light_gray_wool":2,"minecraft:sugar_cane":11,"minecraft:chest":1,"minecraft:furnace":2,"minecraft:golden_helmet":1,"iceandfire:dragonbone":1,"minecraft:acacia_log":6,"minecraft:spruce_stairs":3,"minecraft:porkchop":7,"tombstone:grave_dust":5,"minecraft:carrot":17,"minecraft:rotten_flesh":19,"minecraft:arrow":11,"minecraft:golden_hoe":1,"minecraft:hay_block":64,"minecraft:cobblestone":40,"alexsmobs:flying_fish":7,"minecraft:mutton":2,"minecraft:white_wool":1,"minecraft:birch_log":2,"minecraft:jungle_boat":1,"minecraft:andesite":1,"minecraft:leather":4,"minecraft:brown_wool":1,"minecraft:potato":1,"minecraft:flint":2,"minecraft:oak_log":8,"minecraft:dirt":5,"minecraft:lantern":1,"minecraft:bone":3,"iceandfire:pixie_jar_empty":2,"minecraft:wheat_seeds":5,"minecraft:iron_ingot":4,"minecraft:cobweb":2,"minecraft:stripped_oak_wood":2,"minecraft:oak_planks":5,"minecraft:book":6,"iceandfire:copper_nugget":150,"minecraft:gravel":1,"minecraft:white_bed":3,"waystones:waystone":1,"minecraft:iron_helmet":1,"minecraft:emerald":3,"minecraft:melon_seeds":1,"minecraft:coal":24},"minecraft:dropped":{"minecraft:bread":22,"minecraft:wheat_seeds":5,"minecraft:golden_helmet":1,"minecraft:iron_helmet":2,"minecraft:cobblestone":4,"minecraft:spruce_stairs":3,"minecraft:stick":3,"minecraft:flint":2,"iceandfire:copper_nugget":6,"minecraft:brown_wool":1,"minecraft:gold_nugget":6,"minecraft:jungle_boat":1,"minecraft:stripped_oak_wood":2,"minecraft:string":1,"iceandfire:dragonbone":2,"minecraft:bone":1,"minecraft:gravel":1,"minecraft:iron_nugget":8,"minecraft:stone_sword":1,"minecraft:wheat":2,"minecraft:rotten_flesh":5,"minecraft:poppy":2,"minecraft:potato":1,"minecraft:skeleton_skull":1,"minecraft:ladder":1,"minecraft:arrow":1,"minecraft:wooden_pickaxe":2,"minecraft:stone_pickaxe":1,"iceandfire:manuscript":2}},"DataVersion":3465}