{"stats":{"minecraft:custom":{"minecraft:interact_with_furnace":6,"minecraft:mob_kills":28,"minecraft:interact_with_crafting_table":26,"minecraft:open_barrel":3,"minecraft:leave_game":1,"minecraft:time_since_death":12277,"minecraft:sleep_in_bed":1,"minecraft:climb_one_cm":6919,"minecraft:time_since_rest":12086,"minecraft:waystone_activated":1,"minecraft:sprint_one_cm":90093,"minecraft:damage_taken":3301,"minecraft:walk_one_cm":71910,"minecraft:drop":28,"minecraft:damage_dealt":5224,"minecraft:swim_one_cm":79404,"minecraft:fly_one_cm":211750,"minecraft:open_chest":16,"minecraft:crouch_one_cm":7376,"minecraft:play_time":45268,"tombstone:undead_killed":14,"minecraft:deaths":8,"minecraft:sneak_time":3350,"minecraft:walk_under_water_one_cm":18850,"minecraft:boat_one_cm":17346,"minecraft:jump":872,"minecraft:walk_on_water_one_cm":22705,"minecraft:total_world_time":45268,"minecraft:fall_one_cm":19765},"minecraft:killed":{"minecraft:pig":1,"minecraft:zombie_villager":2,"minecraft:spider":1,"minecraft:iron_golem":1,"minecraft:horse":1,"minecraft:skeleton":1,"minecraft:zombie":10,"enemyexpansion:huntsman":1,"alexsmobs:flying_fish":8,"minecraft:cow":2},"minecraft:crafted":{"minecraft:oak_planks":32,"sophisticatedbackpacks:backpack":1,"minecraft:crafting_table":3,"minecraft:wooden_pickaxe":1,"minecraft:iron_sword":1,"minecraft:furnace":1,"minecraft:copper_ingot":16,"minecraft:birch_planks":8,"minecraft:stone_axe":1,"minecraft:bread":57,"minecraft:diamond_pickaxe":1,"minecraft:iron_hoe":1,"minecraft:stick":16,"minecraft:iron_ingot":1,"minecraft:stone_pickaxe":1,"minecraft:stone_sword":1,"minecraft:gold_ingot":2,"minecraft:acacia_planks":20,"alexsmobs:flying_fish_boots":1,"shieldsplus:wooden_shield":1,"minecraft:wheat":162},"minecraft:mined":{"iceandfire:pixie_jar_empty":2,"minecraft:kelp_plant":1,"iceandfire:copper_pile":18,"minecraft:crafting_table":7,"minecraft:acacia_log":6,"minecraft:grass_block":3,"minecraft:chest":1,"minecraft:tall_grass":3,"minecraft:cobblestone":1,"minecraft:sugar_cane":5,"minecraft:spawner":1,"minecraft:hay_block":18,"minecraft:furnace":1,"minecraft:carrots":16,"minecraft:birch_log":2,"minecraft:fire":3,"minecraft:orange_stained_glass_pane":2,"minecraft:andesite":1,"minecraft:mangrove_leaves":3,"minecraft:bookshelf":1,"minecraft:grass":1,"minecraft:oak_log":8,"minecraft:coal_ore":11,"minecraft:gravel":4,"minecraft:cobweb":6,"minecraft:stone":37,"minecraft:tripwire":2},"minecraft:used":{"minecraft:stone_sword":76,"minecraft:stone_pickaxe":31,"minecraft:wooden_pickaxe":5,"minecraft:iron_sword":41,"minecraft:crafting_table":10,"minecraft:carrot":3,"minecraft:iron_hoe":16,"alexsmobs:flying_fish":2,"sophisticatedbackpacks:backpack":1,"minecraft:diamond_pickaxe":38,"minecraft:bread":6,"minecraft:iron_helmet":1,"minecraft:stone_axe":31,"minecraft:cobblestone":6,"minecraft:furnace":2,"minecraft:andesite":1,"tombstone:gift":5,"minecraft:cobweb":6},"minecraft:dropped":{"minecraft:gravel":1,"minecraft:wheat_seeds":1,"minecraft:iron_nugget":8,"minecraft:golden_helmet":1,"minecraft:stone_sword":1,"minecraft:wheat":2,"minecraft:iron_helmet":2,"minecraft:cobblestone":4,"minecraft:rotten_flesh":5,"minecraft:stick":3,"minecraft:flint":1,"minecraft:poppy":2,"iceandfire:copper_nugget":6,"minecraft:skeleton_skull":1,"minecraft:gold_nugget":6,"minecraft:arrow":1,"minecraft:stone_pickaxe":1,"minecraft:wooden_pickaxe":2,"minecraft:string":1,"iceandfire:manuscript":2,"minecraft:bone":1,"iceandfire:dragonbone":2},"minecraft:picked_up":{"minecraft:birch_log":2,"minecraft:crafting_table":7,"minecraft:jungle_boat":1,"minecraft:andesite":1,"shieldsplus:wooden_shield":1,"minecraft:leather":4,"minecraft:wooden_pickaxe":1,"minecraft:potato":1,"minecraft:flint":2,"minecraft:oak_log":8,"minecraft:dirt":3,"minecraft:string":10,"minecraft:bone":3,"iceandfire:pixie_jar_empty":2,"minecraft:wheat_seeds":1,"minecraft:beef":3,"minecraft:iron_ingot":4,"minecraft:poppy":2,"minecraft:light_gray_wool":2,"minecraft:sugar_cane":11,"minecraft:chest":1,"minecraft:furnace":1,"minecraft:book":3,"minecraft:golden_helmet":1,"iceandfire:copper_nugget":150,"iceandfire:dragonbone":1,"minecraft:acacia_log":6,"minecraft:porkchop":2,"minecraft:gravel":1,"tombstone:grave_dust":3,"minecraft:carrot":17,"minecraft:arrow":3,"minecraft:rotten_flesh":11,"minecraft:golden_hoe":1,"minecraft:hay_block":18,"minecraft:iron_helmet":1,"minecraft:coal":24,"alexsmobs:flying_fish":7,"minecraft:cobblestone":40}},"DataVersion":3465}