{"stats":{"minecraft:custom":{"minecraft:mob_kills":39,"minecraft:interact_with_crafting_table":30,"minecraft:open_barrel":3,"minecraft:leave_game":1,"minecraft:time_since_death":24277,"minecraft:climb_one_cm":7345,"minecraft:sprint_one_cm":120610,"minecraft:walk_one_cm":99062,"minecraft:damage_blocked_by_shield":15,"minecraft:drop":35,"minecraft:play_time":57268,"minecraft:deaths":8,"minecraft:sneak_time":4196,"minecraft:walk_under_water_one_cm":19100,"minecraft:boat_one_cm":17346,"minecraft:jump":1134,"minecraft:walk_on_water_one_cm":24039,"minecraft:total_world_time":57268,"minecraft:interact_with_furnace":6,"minecraft:sleep_in_bed":1,"minecraft:time_since_rest":24086,"minecraft:waystone_activated":1,"minecraft:damage_taken":3774,"minecraft:damage_dealt":6699,"minecraft:swim_one_cm":83554,"minecraft:fly_one_cm":267166,"minecraft:open_chest":21,"minecraft:crouch_one_cm":11942,"tombstone:undead_killed":21,"minecraft:fall_one_cm":27861},"minecraft:killed":{"minecraft:spider":1,"minecraft:horse":1,"minecraft:skeleton":1,"alexsmobs:flying_fish":8,"minecraft:pig":3,"minecraft:zombie_villager":5,"minecraft:iron_golem":1,"enemyexpansion:sprinter":1,"minecraft:sheep":2,"minecraft:zombie":13,"enemyexpansion:huntsman":1,"minecraft:cow":2},"minecraft:mined":{"minecraft:white_bed":1,"iceandfire:copper_pile":18,"minecraft:acacia_log":6,"minecraft:grass_block":3,"minecraft:spawner":1,"minecraft:hay_block":59,"minecraft:furnace":2,"minecraft:carrots":16,"minecraft:fire":3,"minecraft:andesite":1,"minecraft:orange_stained_glass_pane":2,"minecraft:bookshelf":2,"minecraft:cobblestone_slab":3,"minecraft:stone":37,"minecraft:tripwire":3,"iceandfire:pixie_jar_empty":2,"minecraft:kelp_plant":1,"minecraft:crafting_table":8,"minecraft:chest":1,"minecraft:cobblestone":1,"minecraft:tall_grass":3,"minecraft:sugar_cane":5,"minecraft:birch_log":2,"minecraft:wheat":1,"minecraft:stripped_oak_wood":2,"minecraft:mangrove_leaves":3,"minecraft:grass":3,"minecraft:coal_ore":11,"minecraft:oak_log":8,"minecraft:gravel":4,"minecraft:dirt":2,"minecraft:cobweb":8},"minecraft:crafted":{"minecraft:oak_planks":32,"minecraft:cobblestone_slab":6,"minecraft:furnace":1,"minecraft:iron_hoe":1,"minecraft:stone_pickaxe":1,"shieldsplus:stone_shield":1,"alexsmobs:flying_fish_boots":1,"shieldsplus:wooden_shield":1,"minecraft:wheat":162,"sophisticatedbackpacks:backpack":1,"minecraft:crafting_table":4,"minecraft:wooden_pickaxe":1,"minecraft:iron_sword":1,"minecraft:copper_ingot":16,"minecraft:birch_planks":8,"minecraft:stone_axe":1,"minecraft:bread":57,"minecraft:diamond_pickaxe":1,"minecraft:stick":16,"minecraft:iron_ingot":1,"minecraft:stone_sword":1,"minecraft:gold_ingot":2,"minecraft:white_bed":1,"minecraft:acacia_planks":20},"minecraft:used":{"minecraft:stone_sword":76,"minecraft:iron_sword":74,"minecraft:dirt":5,"minecraft:carrot":3,"minecraft:iron_hoe":16,"minecraft:lantern":1,"minecraft:iron_helmet":1,"minecraft:item_frame":1,"minecraft:furnace":2,"tombstone:gift":5,"minecraft:stone_pickaxe":31,"minecraft:wooden_pickaxe":5,"minecraft:cobblestone_slab":3,"minecraft:white_wool":2,"minecraft:crafting_table":11,"minecraft:white_bed":1,"alexsmobs:flying_fish":2,"sophisticatedbackpacks:backpack":1,"minecraft:diamond_pickaxe":43,"minecraft:bread":16,"shieldsplus:stone_shield":2,"minecraft:stone_axe":37,"minecraft:cobblestone":6,"minecraft:andesite":1,"minecraft:cobweb":8},"minecraft:picked_up":{"minecraft:crafting_table":8,"shieldsplus:wooden_shield":1,"minecraft:wooden_pickaxe":1,"minecraft:string":13,"minecraft:item_frame":1,"minecraft:beef":3,"minecraft:cobblestone_slab":3,"minecraft:poppy":2,"minecraft:light_gray_wool":2,"minecraft:sugar_cane":11,"minecraft:chest":1,"minecraft:furnace":2,"minecraft:golden_helmet":1,"iceandfire:dragonbone":1,"minecraft:acacia_log":6,"minecraft:porkchop":7,"tombstone:grave_dust":5,"minecraft:carrot":17,"minecraft:rotten_flesh":19,"minecraft:arrow":3,"minecraft:golden_hoe":1,"minecraft:hay_block":59,"minecraft:cobblestone":40,"alexsmobs:flying_fish":7,"minecraft:mutton":2,"minecraft:white_wool":1,"minecraft:birch_log":2,"minecraft:jungle_boat":1,"minecraft:andesite":1,"minecraft:leather":4,"minecraft:brown_wool":1,"minecraft:potato":1,"minecraft:flint":2,"minecraft:oak_log":8,"minecraft:dirt":5,"minecraft:lantern":1,"minecraft:bone":3,"iceandfire:pixie_jar_empty":2,"minecraft:wheat_seeds":4,"minecraft:iron_ingot":4,"minecraft:cobweb":2,"minecraft:stripped_oak_wood":2,"minecraft:book":6,"iceandfire:copper_nugget":150,"minecraft:gravel":1,"minecraft:white_bed":1,"waystones:waystone":1,"minecraft:iron_helmet":1,"minecraft:melon_seeds":1,"minecraft:coal":24},"minecraft:dropped":{"minecraft:bread":22,"minecraft:wheat_seeds":4,"minecraft:golden_helmet":1,"minecraft:iron_helmet":2,"minecraft:cobblestone":4,"minecraft:stick":3,"minecraft:flint":2,"iceandfire:copper_nugget":6,"minecraft:brown_wool":1,"minecraft:gold_nugget":6,"minecraft:stripped_oak_wood":2,"minecraft:string":1,"iceandfire:dragonbone":2,"minecraft:bone":1,"minecraft:gravel":1,"minecraft:iron_nugget":8,"minecraft:stone_sword":1,"minecraft:wheat":2,"minecraft:rotten_flesh":5,"minecraft:poppy":2,"minecraft:skeleton_skull":1,"minecraft:arrow":1,"minecraft:wooden_pickaxe":2,"minecraft:stone_pickaxe":1,"iceandfire:manuscript":2}},"DataVersion":3465}