{"stats":{"minecraft:custom":{"minecraft:time_since_rest":11724,"minecraft:interact_with_furnace":4,"minecraft:sprint_one_cm":41241,"minecraft:damage_taken":553,"minecraft:walk_one_cm":26490,"minecraft:mob_kills":11,"minecraft:drop":7,"minecraft:damage_dealt":1080,"minecraft:swim_one_cm":68012,"minecraft:interact_with_crafting_table":8,"minecraft:fly_one_cm":136214,"minecraft:open_barrel":1,"minecraft:open_chest":7,"tombstone:undead_killed":3,"minecraft:crouch_one_cm":3605,"minecraft:play_time":21268,"minecraft:deaths":2,"minecraft:sneak_time":1719,"minecraft:walk_under_water_one_cm":8553,"minecraft:boat_one_cm":2490,"minecraft:jump":465,"minecraft:leave_game":1,"minecraft:time_since_death":12995,"minecraft:walk_on_water_one_cm":7829,"minecraft:total_world_time":21268,"minecraft:fall_one_cm":15570},"minecraft:killed":{"minecraft:zombie":3,"alexsmobs:flying_fish":8},"minecraft:mined":{"minecraft:furnace":1,"minecraft:kelp_plant":1,"minecraft:birch_log":2,"minecraft:andesite":1,"minecraft:crafting_table":3,"minecraft:grass":1,"minecraft:coal_ore":11,"minecraft:oak_log":8,"minecraft:gravel":4,"minecraft:cobblestone":1,"minecraft:tall_grass":1,"minecraft:stone":23,"minecraft:sugar_cane":5},"minecraft:crafted":{"minecraft:oak_planks":32,"minecraft:diamond_pickaxe":1,"minecraft:crafting_table":1,"minecraft:stick":12,"minecraft:wooden_pickaxe":1,"minecraft:stone_pickaxe":1,"minecraft:stone_sword":1,"minecraft:gold_ingot":1,"minecraft:furnace":1,"minecraft:birch_planks":8,"minecraft:stone_axe":1},"minecraft:used":{"minecraft:diamond_pickaxe":1,"minecraft:stone_sword":28,"minecraft:stone_pickaxe":31,"minecraft:iron_helmet":1,"minecraft:wooden_pickaxe":5,"minecraft:stone_axe":9,"minecraft:crafting_table":3,"minecraft:furnace":1,"minecraft:andesite":1},"minecraft:dropped":{"minecraft:gravel":1,"minecraft:wheat_seeds":1,"minecraft:iron_helmet":1,"minecraft:rotten_flesh":4,"minecraft:wooden_pickaxe":2,"minecraft:flint":1},"minecraft:picked_up":{"minecraft:birch_log":2,"minecraft:crafting_table":3,"minecraft:andesite":1,"minecraft:wooden_pickaxe":1,"minecraft:potato":1,"minecraft:gravel":1,"minecraft:flint":1,"minecraft:oak_log":8,"minecraft:rotten_flesh":4,"minecraft:wheat_seeds":1,"minecraft:iron_helmet":1,"minecraft:sugar_cane":11,"minecraft:coal":24,"minecraft:furnace":1,"alexsmobs:flying_fish":7,"minecraft:cobblestone":24}},"DataVersion":3465}