{"stats":{"minecraft:dropped":{"tombstone:grave_key":1},"minecraft:picked_up":{"minecraft:iron_leggings":1,"minecraft:rotten_flesh":2,"minecraft:acacia_log":4,"minecraft:iron_sword":1},"minecraft:killed":{"minecraft:spider":2},"minecraft:killed_by":{"minecraft:player":1},"minecraft:broken":{"minecraft:iron_leggings":1},"minecraft:custom":{"minecraft:time_since_rest":2407,"minecraft:waystone_activated":1,"minecraft:crouch_one_cm":1265,"minecraft:play_time":9263,"minecraft:sprint_one_cm":7880,"minecraft:walk_one_cm":37405,"minecraft:damage_taken":96837,"minecraft:deaths":2,"minecraft:sneak_time":683,"minecraft:walk_under_water_one_cm":1291,"minecraft:mob_kills":2,"minecraft:drop":1,"minecraft:jump":87,"minecraft:damage_dealt":357,"minecraft:time_since_death":2951,"minecraft:walk_on_water_one_cm":23,"minecraft:total_world_time":9263,"minecraft:swim_one_cm":3138,"minecraft:fly_one_cm":26749,"minecraft:fall_one_cm":3061},"minecraft:used":{"minecraft:rotten_flesh":2,"tombstone:gift":2,"minecraft:iron_sword":18,"minecraft:iron_leggings":1},"minecraft:crafted":{"minecraft:acacia_planks":16,"minecraft:crafting_table":1,"minecraft:stick":4},"minecraft:mined":{"minecraft:acacia_log":4,"minecraft:grass":13}},"DataVersion":3465}