{"stats":{"minecraft:custom":{"minecraft:mob_kills":19,"tombstone:raider_killed":5,"minecraft:interact_with_crafting_table":10,"minecraft:open_barrel":10,"minecraft:damage_dealt_resisted":92,"minecraft:time_since_death":15730,"minecraft:leave_game":2,"minecraft:sleep_in_bed":8,"minecraft:climb_one_cm":3525,"minecraft:time_since_rest":4203,"minecraft:waystone_activated":3,"minecraft:sprint_one_cm":236250,"minecraft:damage_taken":115417,"minecraft:walk_one_cm":173446,"minecraft:damage_blocked_by_shield":60,"minecraft:trigger_trapped_chest":1,"minecraft:drop":12,"minecraft:damage_dealt":4868,"minecraft:talked_to_villager":2,"minecraft:swim_one_cm":60363,"minecraft:fly_one_cm":411180,"minecraft:open_chest":21,"minecraft:crouch_one_cm":6781,"minecraft:play_time":114497,"tombstone:undead_killed":4,"minecraft:deaths":21,"minecraft:sneak_time":3935,"minecraft:walk_under_water_one_cm":22955,"minecraft:jump":1852,"minecraft:walk_on_water_one_cm":42400,"minecraft:interact_with_smoker":1,"minecraft:total_world_time":114497,"minecraft:fall_one_cm":48171},"minecraft:killed_by":{"minecraft:player":1},"minecraft:killed":{"minecraft:witch":1,"minecraft:spider":4,"minecraft:vindicator":1,"enemyexpansion:direwolf":1,"minecraft:creeper":1,"minecraft:skeleton":1,"minecraft:pillager":3,"minecraft:zombie":2,"iceandfire:ghost":1,"enemyexpansion:botfly":3,"iceandfire:sea_serpent":1},"minecraft:crafted":{"minecraft:crafting_table":1,"minecraft:jungle_boat":1,"shieldsplus:iron_shield":1,"minecraft:wooden_pickaxe":1,"minecraft:yellow_bed":1,"biomesoplenty:willow_planks":4,"minecraft:stone_axe":1,"minecraft:acacia_boat":1,"minecraft:bread":54,"minecraft:jungle_planks":28,"regions_unexplored:redwood_planks":12,"minecraft:stick":8,"minecraft:stone_pickaxe":1,"minecraft:iron_leggings":1,"minecraft:acacia_planks":16,"minecraft:torch":8,"shieldsplus:wooden_shield":1,"minecraft:wheat":162},"minecraft:mined":{"minecraft:spruce_planks":2,"minecraft:glass_pane":2,"minecraft:red_bed":9,"minecraft:smoker":1,"minecraft:crafting_table":5,"minecraft:acacia_log":4,"minecraft:grass_block":1,"minecraft:jungle_planks":1,"minecraft:jungle_log":7,"minecraft:tall_grass":7,"biomesoplenty:willow_log":1,"minecraft:sugar_cane":2,"minecraft:wall_torch":1,"minecraft:spawner":1,"minecraft:hay_block":50,"minecraft:tall_seagrass":1,"biomesoplenty:huge_lily_pad":1,"regions_unexplored:sandy_tall_grass":1,"minecraft:yellow_wool":3,"minecraft:iron_ore":15,"regions_unexplored:redwood_planks":1,"minecraft:moss_carpet":1,"minecraft:yellow_bed":3,"biomesoplenty:waterlily":2,"regions_unexplored:sandy_grass":1,"minecraft:grass":22,"minecraft:coal_ore":20,"minecraft:vine":2,"minecraft:iron_bars":3,"minecraft:dirt":9,"regions_unexplored:medium_grass":2,"regions_unexplored:redwood_log":4,"minecraft:stone":24,"antlers:bloody_cow":1,"minecraft:fern":4},"minecraft:used":{"minecraft:acacia_boat":1,"minecraft:moss_carpet":1,"minecraft:stone_pickaxe":55,"biomesoplenty:willow_planks":4,"minecraft:wooden_pickaxe":12,"minecraft:iron_sword":137,"minecraft:rotten_flesh":4,"minecraft:jungle_boat":3,"minecraft:torch":5,"minecraft:dirt":9,"shieldsplus:iron_shield":2,"regions_unexplored:redwood_planks":6,"minecraft:crafting_table":6,"minecraft:red_bed":9,"minecraft:jungle_planks":24,"minecraft:crossbow":1,"waystones:waystone":1,"minecraft:bread":42,"minecraft:stone_axe":25,"minecraft:cobblestone":15,"minecraft:hay_block":1,"tombstone:gift":4,"minecraft:yellow_bed":4,"minecraft:iron_leggings":1},"minecraft:broken":{"minecraft:iron_leggings":1},"minecraft:dropped":{"minecraft:wheat_seeds":9,"minecraft:crossbow":1,"regions_unexplored:redwood_planks":6,"minecraft:saddle":1,"regions_unexplored:duckweed":1,"minecraft:spruce_planks":2,"tombstone:grave_key":1,"minecraft:oak_sapling":2,"minecraft:jungle_sapling":1,"minecraft:iron_bars":2},"minecraft:picked_up":{"minecraft:cocoa_beans":3,"minecraft:charcoal":2,"minecraft:crafting_table":5,"minecraft:jungle_boat":2,"iceandfire:sea_serpent_fang":2,"minecraft:jungle_log":7,"minecraft:yellow_wool":3,"minecraft:smoker":1,"biomesoplenty:huge_lily_pad":1,"minecraft:lily_pad":8,"minecraft:yellow_bed":3,"minecraft:gunpowder":1,"minecraft:dirt":9,"minecraft:red_bed":9,"minecraft:moss_carpet":1,"minecraft:iron_leggings":1,"minecraft:iron_shovel":1,"minecraft:bone":1,"minecraft:wheat_seeds":9,"minecraft:spruce_planks":2,"regions_unexplored:redwood_planks":7,"minecraft:sugar_cane":4,"minecraft:iron_sword":1,"regions_unexplored:redwood_log":4,"regions_unexplored:duckweed":1,"minecraft:raw_iron":15,"biomesoplenty:waterlily":2,"minecraft:acacia_log":4,"minecraft:torch":1,"minecraft:jungle_planks":1,"minecraft:spider_eye":1,"iceandfire:sea_serpent_scales_purple":5,"minecraft:arrow":3,"minecraft:rotten_flesh":11,"biomesoplenty:willow_log":1,"waystones:waystone":1,"minecraft:hay_block":50,"minecraft:crossbow":1,"minecraft:emerald":2,"minecraft:oak_sapling":2,"minecraft:iron_bars":2,"minecraft:coal":20,"minecraft:cobblestone":24}},"DataVersion":3465}