{"stats":{"minecraft:dropped":{"minecraft:wheat_seeds":2,"regions_unexplored:duckweed":1,"tombstone:grave_key":1},"minecraft:picked_up":{"minecraft:cocoa_beans":3,"minecraft:crafting_table":3,"minecraft:jungle_log":7,"minecraft:lily_pad":8,"minecraft:dirt":9,"minecraft:red_bed":4,"minecraft:moss_carpet":1,"minecraft:iron_leggings":1,"minecraft:wheat_seeds":5,"minecraft:sugar_cane":2,"minecraft:iron_sword":1,"regions_unexplored:duckweed":1,"minecraft:raw_iron":15,"minecraft:torch":1,"minecraft:acacia_log":4,"minecraft:rotten_flesh":4,"biomesoplenty:willow_log":1,"minecraft:hay_block":35,"minecraft:emerald":1,"minecraft:coal":20,"minecraft:cobblestone":24},"minecraft:killed":{"minecraft:witch":1,"minecraft:spider":2,"minecraft:vindicator":1},"minecraft:killed_by":{"minecraft:player":1},"minecraft:broken":{"minecraft:iron_leggings":1},"minecraft:custom":{"minecraft:mob_kills":4,"tombstone:raider_killed":2,"minecraft:interact_with_crafting_table":5,"minecraft:open_barrel":1,"minecraft:damage_dealt_resisted":92,"minecraft:leave_game":1,"minecraft:time_since_death":8206,"minecraft:sleep_in_bed":3,"minecraft:climb_one_cm":2666,"minecraft:time_since_rest":5807,"minecraft:waystone_activated":1,"minecraft:sprint_one_cm":110775,"minecraft:damage_taken":101512,"minecraft:walk_one_cm":96281,"minecraft:drop":4,"minecraft:damage_dealt":1435,"minecraft:swim_one_cm":33390,"minecraft:talked_to_villager":1,"minecraft:fly_one_cm":213636,"minecraft:open_chest":5,"minecraft:crouch_one_cm":5621,"minecraft:play_time":57076,"minecraft:deaths":10,"minecraft:sneak_time":2891,"minecraft:walk_under_water_one_cm":11864,"minecraft:jump":1055,"minecraft:walk_on_water_one_cm":22341,"minecraft:interact_with_smoker":1,"minecraft:total_world_time":57076,"minecraft:fall_one_cm":29880},"minecraft:used":{"minecraft:acacia_boat":1,"minecraft:moss_carpet":1,"minecraft:stone_pickaxe":49,"biomesoplenty:willow_planks":4,"minecraft:wooden_pickaxe":12,"minecraft:iron_sword":57,"minecraft:rotten_flesh":4,"minecraft:torch":1,"minecraft:dirt":9,"minecraft:crafting_table":3,"minecraft:red_bed":4,"minecraft:jungle_planks":9,"minecraft:bread":25,"minecraft:stone_axe":14,"minecraft:cobblestone":15,"minecraft:hay_block":1,"tombstone:gift":4,"minecraft:iron_leggings":1},"minecraft:crafted":{"minecraft:crafting_table":1,"minecraft:wooden_pickaxe":1,"biomesoplenty:willow_planks":4,"minecraft:stone_axe":1,"minecraft:acacia_boat":1,"minecraft:bread":54,"minecraft:jungle_planks":28,"minecraft:stick":8,"minecraft:stone_pickaxe":1,"minecraft:acacia_planks":16,"minecraft:torch":8,"minecraft:wheat":162},"minecraft:mined":{"minecraft:red_bed":4,"minecraft:crafting_table":3,"minecraft:acacia_log":4,"minecraft:grass_block":1,"minecraft:jungle_log":7,"biomesoplenty:willow_log":1,"minecraft:sugar_cane":2,"minecraft:wall_torch":1,"minecraft:spawner":1,"minecraft:hay_block":35,"minecraft:iron_ore":15,"minecraft:moss_carpet":1,"minecraft:grass":18,"minecraft:coal_ore":20,"minecraft:vine":2,"minecraft:dirt":9,"minecraft:stone":24,"minecraft:fern":2}},"DataVersion":3465}