{"stats":{"minecraft:crafted":{"minecraft:yellow_bed":1,"minecraft:iron_axe":1,"minecraft:stone_pickaxe":1,"minecraft:chest":1,"shieldsplus:wooden_shield":1,"minecraft:wheat":162,"minecraft:crafting_table":2,"minecraft:jungle_boat":1,"shieldsplus:iron_shield":1,"minecraft:wooden_pickaxe":1,"minecraft:iron_sword":1,"biomesoplenty:willow_planks":4,"minecraft:stone_axe":1,"minecraft:acacia_boat":1,"minecraft:bread":54,"minecraft:jungle_planks":28,"regions_unexplored:redwood_planks":12,"regions_unexplored:pine_planks":16,"minecraft:stick":16,"minecraft:iron_pickaxe":1,"minecraft:iron_leggings":1,"minecraft:acacia_planks":16,"minecraft:torch":8},"minecraft:used":{"minecraft:moss_carpet":1,"minecraft:chest":1,"minecraft:iron_sword":181,"minecraft:rotten_flesh":4,"minecraft:torch":5,"minecraft:dirt":9,"shieldsplus:iron_shield":6,"minecraft:jungle_planks":24,"minecraft:iron_axe":9,"minecraft:hay_block":1,"tombstone:gift":4,"minecraft:iron_leggings":1,"minecraft:acacia_boat":1,"minecraft:stone_pickaxe":72,"biomesoplenty:willow_planks":4,"minecraft:wooden_pickaxe":12,"minecraft:jungle_boat":3,"regions_unexplored:redwood_planks":10,"minecraft:crafting_table":7,"minecraft:red_bed":9,"minecraft:crossbow":1,"waystones:waystone":1,"minecraft:bread":69,"minecraft:stone_axe":42,"minecraft:cobblestone":15,"minecraft:yellow_bed":20},"minecraft:mined":{"minecraft:spruce_planks":2,"farmersdelight:wild_carrots":1,"antlers:bloody_fox":3,"minecraft:brewing_stand":1,"minecraft:acacia_log":4,"minecraft:grass_block":1,"regions_unexplored:pine_shrub":1,"minecraft:jungle_planks":1,"minecraft:jungle_log":7,"regions_unexplored:purple_coneflower":1,"minecraft:spawner":1,"minecraft:large_fern":3,"minecraft:hay_block":60,"minecraft:tall_seagrass":1,"biomesoplenty:tall_lavender":4,"minecraft:iron_ore":30,"regions_unexplored:redwood_planks":6,"minecraft:moss_carpet":1,"regions_unexplored:pine_leaves":3,"minecraft:vine":2,"minecraft:iron_bars":3,"regions_unexplored:medium_grass":2,"minecraft:stone":25,"regions_unexplored:redwood_log":4,"regions_unexplored:windswept_grass":3,"iceandfire:pixie_jar_empty":1,"biomesoplenty:jacaranda_leaves":7,"minecraft:glass_pane":2,"minecraft:red_bed":9,"minecraft:smoker":1,"minecraft:crafting_table":5,"minecraft:white_stained_glass_pane":1,"mahoutsukai:mahoujin":1,"minecraft:tall_grass":8,"biomesoplenty:willow_log":1,"minecraft:sugar_cane":2,"minecraft:wall_torch":1,"regions_unexplored:pine_log":10,"biomesoplenty:huge_lily_pad":1,"antlers:sheep_corpse":1,"regions_unexplored:sandy_tall_grass":1,"minecraft:yellow_wool":3,"minecraft:yellow_bed":7,"regions_unexplored:sandy_grass":1,"biomesoplenty:waterlily":2,"minecraft:yellow_stained_glass_pane":1,"minecraft:grass":38,"minecraft:coal_ore":20,"minecraft:dirt":9,"antlers:bloody_cow":4,"minecraft:fern":4},"minecraft:broken":{"minecraft:iron_leggings":1},"minecraft:dropped":{"minecraft:wheat_seeds":9,"minecraft:crossbow":1,"regions_unexplored:pine_shrub":1,"minecraft:saddle":1,"minecraft:torch":4,"tombstone:grave_key":1,"minecraft:jungle_sapling":1,"minecraft:stone_axe":4,"regions_unexplored:redwood_planks":6,"regions_unexplored:duckweed":1,"minecraft:spruce_planks":2,"minecraft:oak_sapling":2,"minecraft:iron_bars":2,"minecraft:wooden_pickaxe":2,"minecraft:stone_pickaxe":2,"waystones:waystone":1},"minecraft:picked_up":{"minecraft:charcoal":2,"minecraft:cocoa_beans":3,"minecraft:crafting_table":5,"minecraft:yellow_wool":3,"minecraft:wooden_pickaxe":1,"biomesoplenty:jacaranda_sapling":1,"biomesoplenty:huge_lily_pad":1,"minecraft:brewing_stand":1,"minecraft:red_bed":9,"minecraft:moss_carpet":1,"minecraft:iron_leggings":1,"biomesoplenty:tall_lavender":4,"minecraft:iron_shovel":1,"regions_unexplored:pine_log":10,"minecraft:spruce_planks":2,"regions_unexplored:redwood_planks":12,"minecraft:sugar_cane":4,"regions_unexplored:pine_shrub":1,"regions_unexplored:redwood_log":4,"regions_unexplored:duckweed":1,"minecraft:raw_iron":26,"minecraft:torch":5,"minecraft:acacia_log":4,"minecraft:carrot":1,"mutantmonsters:hulk_hammer":1,"iceandfire:sea_serpent_scales_purple":5,"minecraft:arrow":3,"minecraft:rotten_flesh":33,"minecraft:hay_block":60,"minecraft:iron_bars":2,"minecraft:cobblestone":25,"minecraft:jungle_boat":2,"iceandfire:sea_serpent_fang":2,"minecraft:jungle_log":7,"minecraft:smoker":1,"minecraft:lily_pad":8,"minecraft:yellow_bed":20,"minecraft:gunpowder":1,"minecraft:dirt":9,"minecraft:bone":1,"iceandfire:pixie_jar_empty":1,"minecraft:wheat_seeds":12,"minecraft:stone_pickaxe":1,"minecraft:iron_sword":1,"biomesoplenty:waterlily":2,"regions_unexplored:pine_sapling":1,"minecraft:jungle_planks":1,"minecraft:spider_eye":1,"biomesoplenty:willow_log":1,"minecraft:stone_axe":3,"waystones:waystone":2,"minecraft:crossbow":1,"minecraft:emerald":2,"minecraft:oak_sapling":2,"minecraft:coal":20},"minecraft:killed":{"minecraft:witch":1,"minecraft:spider":4,"minecraft:vindicator":1,"enemyexpansion:direwolf":1,"minecraft:skeleton":1,"minecraft:creeper":1,"minecraft:pillager":3,"minecraft:goat":3,"minecraft:zombie":2,"iceandfire:ghost":1,"enemyexpansion:botfly":3,"iceandfire:sea_serpent":1},"minecraft:killed_by":{"minecraft:player":1},"minecraft:custom":{"minecraft:mob_kills":23,"minecraft:interact_with_crafting_table":13,"minecraft:open_barrel":10,"minecraft:bell_ring":4,"minecraft:damage_dealt_resisted":92,"minecraft:leave_game":4,"minecraft:time_since_death":0,"minecraft:climb_one_cm":3525,"minecraft:sprint_one_cm":383302,"minecraft:walk_one_cm":258604,"minecraft:damage_blocked_by_shield":180,"minecraft:drop":23,"minecraft:talked_to_villager":12,"minecraft:play_time":158080,"minecraft:deaths":26,"minecraft:sneak_time":5462,"minecraft:walk_under_water_one_cm":23414,"minecraft:jump":2655,"minecraft:walk_on_water_one_cm":48044,"minecraft:total_world_time":158080,"tombstone:raider_killed":5,"minecraft:sleep_in_bed":22,"minecraft:time_since_rest":0,"minecraft:waystone_activated":4,"minecraft:damage_taken":118084,"minecraft:trigger_trapped_chest":1,"minecraft:damage_dealt":5928,"minecraft:swim_one_cm":61319,"minecraft:fly_one_cm":604066,"minecraft:open_chest":32,"minecraft:crouch_one_cm":10903,"tombstone:undead_killed":4,"minecraft:interact_with_smoker":1,"minecraft:fall_one_cm":78900}},"DataVersion":3465}