{"stats":{"minecraft:dropped":{"minecraft:wheat_seeds":2,"tombstone:grave_key":1},"minecraft:picked_up":{"minecraft:raw_iron":15,"minecraft:crafting_table":2,"minecraft:torch":1,"minecraft:acacia_log":4,"minecraft:dirt":9,"minecraft:red_bed":3,"minecraft:moss_carpet":1,"minecraft:iron_leggings":1,"minecraft:rotten_flesh":4,"biomesoplenty:willow_log":1,"minecraft:wheat_seeds":2,"minecraft:hay_block":19,"minecraft:emerald":1,"minecraft:iron_sword":1,"minecraft:coal":20,"minecraft:cobblestone":24},"minecraft:killed":{"minecraft:vindicator":1,"minecraft:spider":2},"minecraft:killed_by":{"minecraft:player":1},"minecraft:broken":{"minecraft:iron_leggings":1},"minecraft:used":{"minecraft:moss_carpet":1,"minecraft:bread":7,"minecraft:stone_pickaxe":49,"biomesoplenty:willow_planks":4,"minecraft:wooden_pickaxe":12,"minecraft:torch":1,"minecraft:iron_sword":22,"minecraft:rotten_flesh":4,"minecraft:stone_axe":4,"minecraft:dirt":6,"minecraft:hay_block":1,"minecraft:crafting_table":2,"minecraft:red_bed":2,"tombstone:gift":4,"minecraft:iron_leggings":1},"minecraft:custom":{"minecraft:time_since_rest":1,"minecraft:waystone_activated":1,"minecraft:sprint_one_cm":61684,"minecraft:damage_taken":99232,"minecraft:walk_one_cm":67836,"minecraft:mob_kills":3,"minecraft:drop":3,"tombstone:raider_killed":1,"minecraft:damage_dealt":537,"minecraft:talked_to_villager":1,"minecraft:swim_one_cm":11963,"minecraft:interact_with_crafting_table":4,"minecraft:fly_one_cm":116768,"minecraft:open_barrel":1,"minecraft:open_chest":2,"minecraft:crouch_one_cm":4480,"minecraft:play_time":33263,"minecraft:deaths":8,"minecraft:sneak_time":2296,"minecraft:walk_under_water_one_cm":5050,"minecraft:jump":541,"minecraft:walk_on_water_one_cm":9877,"minecraft:time_since_death":270,"minecraft:sleep_in_bed":2,"minecraft:climb_one_cm":142,"minecraft:total_world_time":33263,"minecraft:fall_one_cm":14409},"minecraft:crafted":{"minecraft:crafting_table":1,"minecraft:stick":8,"minecraft:wooden_pickaxe":1,"minecraft:stone_pickaxe":1,"minecraft:acacia_planks":16,"minecraft:torch":8,"biomesoplenty:willow_planks":4,"minecraft:stone_axe":1,"minecraft:bread":54,"minecraft:wheat":162},"minecraft:mined":{"minecraft:hay_block":19,"minecraft:red_bed":3,"minecraft:iron_ore":15,"minecraft:moss_carpet":1,"minecraft:grass_block":1,"minecraft:crafting_table":2,"minecraft:grass":17,"minecraft:acacia_log":4,"minecraft:coal_ore":20,"minecraft:dirt":8,"minecraft:stone":24,"biomesoplenty:willow_log":1,"minecraft:wall_torch":1,"minecraft:fern":2,"minecraft:spawner":1}},"DataVersion":3465}