{"stats":{"minecraft:dropped":{"minecraft:wheat_seeds":2,"regions_unexplored:duckweed":1,"tombstone:grave_key":1},"minecraft:picked_up":{"minecraft:cocoa_beans":3,"minecraft:crafting_table":3,"minecraft:jungle_log":7,"minecraft:lily_pad":8,"minecraft:dirt":9,"minecraft:red_bed":4,"minecraft:moss_carpet":1,"minecraft:iron_leggings":1,"minecraft:wheat_seeds":4,"minecraft:sugar_cane":2,"minecraft:iron_sword":1,"regions_unexplored:duckweed":1,"minecraft:raw_iron":15,"minecraft:torch":1,"minecraft:acacia_log":4,"minecraft:rotten_flesh":4,"biomesoplenty:willow_log":1,"minecraft:hay_block":19,"minecraft:emerald":1,"minecraft:coal":20,"minecraft:cobblestone":24},"minecraft:killed":{"minecraft:spider":2,"minecraft:vindicator":1},"minecraft:killed_by":{"minecraft:player":1},"minecraft:broken":{"minecraft:iron_leggings":1},"minecraft:custom":{"minecraft:mob_kills":3,"tombstone:raider_killed":1,"minecraft:interact_with_crafting_table":5,"minecraft:open_barrel":1,"minecraft:leave_game":1,"minecraft:time_since_death":636,"minecraft:sleep_in_bed":3,"minecraft:climb_one_cm":1197,"minecraft:time_since_rest":1,"minecraft:waystone_activated":1,"minecraft:sprint_one_cm":95439,"minecraft:damage_taken":100892,"minecraft:walk_one_cm":85432,"minecraft:drop":4,"minecraft:damage_dealt":749,"minecraft:swim_one_cm":25200,"minecraft:talked_to_villager":1,"minecraft:fly_one_cm":194378,"minecraft:open_chest":2,"minecraft:crouch_one_cm":4937,"minecraft:play_time":49506,"minecraft:deaths":10,"minecraft:sneak_time":2520,"minecraft:walk_under_water_one_cm":7642,"minecraft:jump":925,"minecraft:walk_on_water_one_cm":16400,"minecraft:total_world_time":49506,"minecraft:fall_one_cm":26277},"minecraft:used":{"minecraft:acacia_boat":1,"minecraft:moss_carpet":1,"minecraft:stone_pickaxe":49,"biomesoplenty:willow_planks":4,"minecraft:wooden_pickaxe":12,"minecraft:iron_sword":27,"minecraft:rotten_flesh":4,"minecraft:torch":1,"minecraft:dirt":9,"minecraft:crafting_table":3,"minecraft:red_bed":3,"minecraft:jungle_planks":9,"minecraft:bread":21,"minecraft:stone_axe":14,"minecraft:cobblestone":15,"minecraft:hay_block":1,"tombstone:gift":4,"minecraft:iron_leggings":1},"minecraft:crafted":{"minecraft:crafting_table":1,"minecraft:wooden_pickaxe":1,"minecraft:stone_axe":1,"biomesoplenty:willow_planks":4,"minecraft:acacia_boat":1,"minecraft:bread":54,"minecraft:jungle_planks":28,"minecraft:stick":8,"minecraft:stone_pickaxe":1,"minecraft:acacia_planks":16,"minecraft:torch":8,"minecraft:wheat":162},"minecraft:mined":{"minecraft:red_bed":4,"minecraft:crafting_table":3,"minecraft:acacia_log":4,"minecraft:grass_block":1,"minecraft:jungle_log":7,"biomesoplenty:willow_log":1,"minecraft:sugar_cane":2,"minecraft:wall_torch":1,"minecraft:spawner":1,"minecraft:hay_block":19,"minecraft:iron_ore":15,"minecraft:moss_carpet":1,"minecraft:grass":17,"minecraft:coal_ore":20,"minecraft:vine":2,"minecraft:dirt":9,"minecraft:stone":24,"minecraft:fern":2}},"DataVersion":3465}