{"stats":{"minecraft:dropped":{"alexsmobs:animal_dictionary":1,"bossominium:the_bossdexium":1},"minecraft:picked_up":{"iceandfire:dragon_skull_lightning":1,"minecraft:coarse_dirt":1,"iceandfire:dragonbone":19,"minecraft:stripped_acacia_log":1,"minecraft:bone":2,"minecraft:arrow":2,"minecraft:rotten_flesh":2,"securitycraft:secret_spruce_sign_item":1,"minecraft:soul_lantern":1,"minecraft:melon_slice":20,"minecraft:sugar_cane":6},"minecraft:used":{"securitycraft:secret_spruce_sign_item":1,"minecraft:melon_slice":17,"minecraft:rotten_flesh":2,"minecraft:soul_lantern":1,"tombstone:gift":2,"alexsmobs:animal_dictionary":1,"minecraft:coarse_dirt":1,"minecraft:acacia_planks":4},"minecraft:custom":{"minecraft:time_since_rest":10656,"minecraft:waystone_activated":1,"minecraft:sprint_one_cm":33822,"minecraft:damage_taken":1176,"minecraft:walk_one_cm":40304,"minecraft:drop":2,"minecraft:damage_dealt":75,"minecraft:swim_one_cm":1795,"minecraft:talked_to_villager":2,"minecraft:fly_one_cm":93989,"minecraft:open_barrel":1,"minecraft:open_chest":14,"minecraft:crouch_one_cm":2073,"minecraft:play_time":19051,"minecraft:deaths":2,"minecraft:sneak_time":587,"minecraft:walk_under_water_one_cm":507,"minecraft:jump":438,"minecraft:leave_game":2,"minecraft:time_since_death":11292,"minecraft:walk_on_water_one_cm":4456,"minecraft:total_world_time":19051,"minecraft:climb_one_cm":0,"minecraft:fall_one_cm":20187},"minecraft:crafted":{"minecraft:acacia_planks":4},"minecraft:mined":{"minecraft:coarse_dirt":1,"minecraft:grass":1,"minecraft:melon":5,"minecraft:stripped_acacia_log":1,"minecraft:sugar_cane":3}},"DataVersion":3465}