{"stats":{"minecraft:custom":{"minecraft:mob_kills":69,"minecraft:interact_with_crafting_table":21,"minecraft:open_barrel":60,"minecraft:damage_dealt_resisted":9,"minecraft:leave_game":6,"minecraft:time_since_death":6209,"minecraft:climb_one_cm":14733,"minecraft:sprint_one_cm":313702,"minecraft:walk_one_cm":363197,"minecraft:damage_blocked_by_shield":555,"minecraft:drop":54,"minecraft:talked_to_villager":2,"minecraft:play_time":163853,"minecraft:deaths":51,"minecraft:sneak_time":5066,"minecraft:walk_under_water_one_cm":37692,"minecraft:boat_one_cm":20,"minecraft:jump":2643,"minecraft:walk_on_water_one_cm":48036,"minecraft:total_world_time":163853,"tombstone:raider_killed":5,"minecraft:sleep_in_bed":2,"minecraft:time_since_rest":5437,"minecraft:waystone_activated":1,"minecraft:damage_taken":20571,"minecraft:damage_dealt":9730,"minecraft:swim_one_cm":71036,"minecraft:player_kills":1,"minecraft:fly_one_cm":661522,"minecraft:open_chest":120,"minecraft:crouch_one_cm":11575,"tombstone:undead_killed":22,"minecraft:interact_with_smoker":1,"minecraft:fall_one_cm":67579},"minecraft:killed_by":{"minecraft:player":1,"minecraft:zombie":1},"minecraft:killed":{"minecraft:witch":1,"minecraft:vindicator":3,"minecraft:spider":3,"alexsmobs:shoebill":1,"minecraft:slime":20,"minecraft:skeleton":6,"minecraft:drowned":1,"minecraft:parrot":4,"minecraft:pig":1,"minecraft:frog":1,"minecraft:creeper":1,"minecraft:sheep":3,"minecraft:pillager":1,"minecraft:zombie":15,"minecraft:cow":7},"minecraft:crafted":{"minecraft:oak_planks":56,"minecraft:birch_boat":1,"minecraft:iron_axe":1,"minecraft:stone_pickaxe":1,"minecraft:chest":5,"minecraft:dark_oak_planks":48,"sophisticatedbackpacks:iron_backpack":1,"sophisticatedbackpacks:backpack":1,"minecraft:diamond_axe":1,"minecraft:crafting_table":5,"minecraft:spruce_planks":4,"minecraft:jungle_boat":1,"minecraft:wooden_pickaxe":1,"minecraft:birch_planks":24,"minecraft:stone_axe":1,"minecraft:acacia_boat":2,"minecraft:jungle_planks":24,"minecraft:oak_boat":1,"minecraft:diamond_pickaxe":1,"minecraft:stick":12,"minecraft:iron_pickaxe":1,"minecraft:gold_ingot":5,"minecraft:acacia_planks":24},"minecraft:mined":{"minecraft:dark_oak_planks":1,"minecraft:jungle_leaves":14,"minecraft:acacia_log":3,"minecraft:grass_block":3,"minecraft:jungle_log":10,"minecraft:acacia_slab":1,"minecraft:spawner":23,"minecraft:large_fern":3,"minecraft:hay_block":8,"minecraft:stripped_spruce_log":1,"minecraft:bookshelf":6,"minecraft:stripped_acacia_log":1,"regions_unexplored:medium_grass":1,"minecraft:stone":13,"regions_unexplored:redwood_log":6,"minecraft:acacia_leaves":2,"minecraft:glass_pane":1,"regions_unexplored:duckweed":1,"minecraft:crafting_table":4,"minecraft:polished_andesite_stairs":1,"minecraft:melon":8,"minecraft:chest":3,"minecraft:cobblestone":1,"minecraft:tall_grass":16,"minecraft:cyan_bed":2,"minecraft:grindstone":1,"minecraft:sugar_cane":12,"minecraft:oak_planks":5,"minecraft:iron_door":1,"minecraft:coarse_dirt":1,"regions_unexplored:sandy_tall_grass":1,"minecraft:birch_log":6,"minecraft:gray_bed":2,"regions_unexplored:sandy_grass":7,"minecraft:grass":19,"minecraft:coal_ore":6,"minecraft:oak_log":14,"minecraft:sand":5,"minecraft:dirt":7,"minecraft:cobweb":9,"minecraft:acacia_planks":1,"minecraft:yellow_stained_glass":1,"minecraft:oak_leaves":1,"minecraft:fern":2},"minecraft:used":{"minecraft:moss_carpet":1,"minecraft:iron_shovel":36,"minecraft:chest":4,"minecraft:iron_sword":193,"minecraft:cooked_chicken":33,"minecraft:rotten_flesh":2,"minecraft:dirt":9,"minecraft:jungle_planks":1,"securitycraft:secret_spruce_sign_item":1,"minecraft:dark_oak_planks":26,"minecraft:iron_axe":53,"minecraft:acacia_slab":1,"minecraft:iron_boots":1,"minecraft:gray_bed":2,"tombstone:gift":7,"minecraft:acacia_planks":4,"minecraft:acacia_boat":2,"minecraft:stone_pickaxe":2,"minecraft:oak_planks":5,"minecraft:birch_boat":2,"minecraft:wooden_pickaxe":13,"minecraft:diamond_axe":18,"iceandfire:dragon_skull_lightning":1,"minecraft:jungle_boat":1,"minecraft:glow_berries":8,"minecraft:sand":4,"minecraft:crafting_table":8,"minecraft:diamond_pickaxe":32,"minecraft:bread":8,"minecraft:melon_slice":20,"minecraft:cyan_bed":3,"shieldsplus:netherite_shield":11,"minecraft:soul_lantern":1,"minecraft:crimson_sign":1,"minecraft:stone_axe":55,"minecraft:cobblestone":7,"alexsmobs:animal_dictionary":1,"minecraft:oak_boat":1,"minecraft:coarse_dirt":1,"minecraft:cobweb":9},"minecraft:broken":{"minecraft:iron_helmet":1},"minecraft:dropped":{"minecraft:iron_sword":2,"minecraft:dark_oak_stairs":2,"minecraft:birch_planks":7,"minecraft:wheat_seeds":7,"minecraft:iron_helmet":1,"minecraft:lead":1,"bossominium:the_bossdexium":1,"tombstone:grave_key":6,"alexsmobs:flying_fish":1,"minecraft:map":1,"tombstone:grave_dust":1,"minecraft:jungle_sapling":1,"alexsmobs:cooked_catfish":1,"minecraft:sand":1,"minecraft:acacia_planks":2,"minecraft:gravel":2,"minecraft:stone_axe":2,"minecraft:kelp":2,"alexsmobs:maggot":1,"alexsmobs:animal_dictionary":1,"minecraft:rotten_flesh":1,"minecraft:light_gray_wool":1,"aquamirae:cooked_spinefish":1,"minecraft:filled_map":2,"minecraft:acacia_slab":1,"minecraft:oak_sapling":2,"minecraft:stone_pickaxe":1,"minecraft:arrow":1,"minecraft:wooden_pickaxe":1},"minecraft:picked_up":{"iceandfire:dragon_skull_lightning":1,"minecraft:crafting_table":4,"minecraft:iron_chestplate":1,"minecraft:coarse_dirt":1,"minecraft:ladder":1,"minecraft:lead":1,"tombstone:grave_key":1,"alexsmobs:cooked_catfish":1,"minecraft:string":11,"minecraft:moss_carpet":1,"minecraft:gold_nugget":7,"minecraft:beef":15,"minecraft:jungle_sapling":3,"minecraft:light_gray_wool":1,"minecraft:melon_slice":36,"minecraft:sugar_cane":29,"minecraft:chest":3,"minecraft:phantom_membrane":5,"minecraft:crimson_sign":1,"regions_unexplored:redwood_log":5,"minecraft:stick":3,"iceandfire:dragonbone":19,"minecraft:brown_terracotta":4,"minecraft:acacia_log":5,"minecraft:porkchop":3,"minecraft:music_disc_11":1,"tombstone:grave_dust":2,"minecraft:carrot":1,"minecraft:dark_oak_planks":4,"minecraft:arrow":4,"minecraft:rotten_flesh":17,"minecraft:salmon_bucket":1,"minecraft:tropical_fish":7,"minecraft:pumpkin_pie":3,"biomesoplenty:mahogany_sapling":1,"minecraft:hay_block":8,"minecraft:mutton":5,"minecraft:white_wool":2,"alexsmobs:flying_fish":1,"minecraft:cobblestone":19,"minecraft:birch_log":6,"minecraft:feather":7,"minecraft:iron_door":1,"minecraft:jungle_log":10,"minecraft:leather":10,"minecraft:birch_planks":7,"minecraft:oak_log":14,"minecraft:gunpowder":5,"minecraft:map":1,"minecraft:dirt":9,"minecraft:bone":14,"minecraft:acacia_planks":2,"minecraft:kelp":2,"minecraft:bow":1,"minecraft:wheat_seeds":12,"minecraft:grindstone":1,"minecraft:cooked_chicken":64,"minecraft:glowstone_dust":3,"minecraft:gray_bed":2,"minecraft:iron_sword":2,"minecraft:oak_planks":5,"minecraft:dark_oak_stairs":2,"minecraft:book":12,"minecraft:birch_boat":1,"minecraft:gravel":2,"minecraft:sand":5,"minecraft:stripped_spruce_log":1,"minecraft:cyan_bed":4,"minecraft:jungle_slab":1,"minecraft:spruce_door":1,"minecraft:stripped_acacia_log":1,"minecraft:slime_ball":14,"securitycraft:secret_spruce_sign_item":1,"minecraft:diamond":5,"minecraft:stone_axe":1,"shieldsplus:netherite_shield":1,"minecraft:soul_lantern":1,"aquamirae:cooked_spinefish":1,"minecraft:emerald":1,"minecraft:bread":5,"alexsmobs:maggot":1,"minecraft:oak_sapling":2,"minecraft:acacia_slab":2,"minecraft:coal":6}},"DataVersion":3465}