{"stats":{"minecraft:custom":{"minecraft:mob_kills":26,"tombstone:raider_killed":1,"minecraft:interact_with_crafting_table":8,"minecraft:open_barrel":8,"minecraft:damage_dealt_resisted":9,"minecraft:leave_game":3,"minecraft:time_since_death":12881,"minecraft:climb_one_cm":6286,"minecraft:time_since_rest":10482,"minecraft:waystone_activated":1,"minecraft:sprint_one_cm":116019,"minecraft:damage_taken":5194,"minecraft:walk_one_cm":186220,"minecraft:damage_blocked_by_shield":60,"minecraft:drop":16,"minecraft:damage_dealt":2808,"minecraft:player_kills":1,"minecraft:swim_one_cm":4234,"minecraft:talked_to_villager":2,"minecraft:fly_one_cm":315944,"minecraft:open_chest":51,"minecraft:crouch_one_cm":6665,"minecraft:play_time":81971,"minecraft:deaths":8,"minecraft:sneak_time":2958,"minecraft:walk_under_water_one_cm":10442,"minecraft:jump":1577,"minecraft:walk_on_water_one_cm":22753,"minecraft:total_world_time":81971,"minecraft:fall_one_cm":42741},"minecraft:killed_by":{"minecraft:player":1},"minecraft:killed":{"minecraft:witch":1,"minecraft:spider":1,"minecraft:frog":1,"minecraft:slime":20,"minecraft:sheep":3},"minecraft:mined":{"minecraft:glass_pane":1,"regions_unexplored:duckweed":1,"minecraft:jungle_leaves":14,"minecraft:crafting_table":3,"minecraft:grass_block":3,"minecraft:melon":8,"minecraft:chest":1,"minecraft:jungle_log":10,"minecraft:tall_grass":16,"minecraft:oak_planks":5,"minecraft:sugar_cane":12,"minecraft:large_fern":2,"minecraft:coarse_dirt":1,"regions_unexplored:sandy_tall_grass":1,"minecraft:stripped_spruce_log":1,"regions_unexplored:sandy_grass":7,"minecraft:grass":11,"minecraft:oak_log":5,"minecraft:dirt":7,"minecraft:sand":5,"minecraft:stripped_acacia_log":1,"regions_unexplored:medium_grass":1,"minecraft:stone":13,"regions_unexplored:redwood_log":6,"minecraft:oak_leaves":1,"minecraft:fern":2},"minecraft:crafted":{"minecraft:oak_planks":20,"minecraft:crafting_table":2,"minecraft:spruce_planks":4,"minecraft:wooden_pickaxe":1,"minecraft:stone_axe":1,"minecraft:jungle_planks":12,"minecraft:oak_boat":1,"minecraft:iron_axe":1,"minecraft:stick":12,"minecraft:iron_pickaxe":1,"minecraft:stone_pickaxe":1,"minecraft:acacia_planks":4},"minecraft:used":{"minecraft:moss_carpet":1,"minecraft:iron_shovel":36,"minecraft:oak_planks":5,"minecraft:wooden_pickaxe":13,"minecraft:iron_sword":27,"iceandfire:dragon_skull_lightning":1,"minecraft:cooked_chicken":6,"minecraft:rotten_flesh":2,"minecraft:glow_berries":8,"minecraft:dirt":9,"minecraft:sand":4,"minecraft:crafting_table":3,"securitycraft:secret_spruce_sign_item":1,"minecraft:iron_axe":53,"minecraft:bread":8,"minecraft:melon_slice":20,"shieldsplus:netherite_shield":2,"minecraft:soul_lantern":1,"minecraft:stone_axe":28,"minecraft:cobblestone":2,"tombstone:gift":2,"alexsmobs:animal_dictionary":1,"minecraft:oak_boat":1,"minecraft:coarse_dirt":1,"minecraft:acacia_planks":4},"minecraft:dropped":{"minecraft:iron_sword":2,"minecraft:wheat_seeds":4,"alexsmobs:animal_dictionary":1,"minecraft:light_gray_wool":1,"bossominium:the_bossdexium":1,"minecraft:filled_map":2,"tombstone:grave_key":3,"minecraft:map":1,"minecraft:sand":1},"minecraft:picked_up":{"iceandfire:dragon_skull_lightning":1,"minecraft:crafting_table":3,"minecraft:coarse_dirt":1,"minecraft:jungle_log":10,"minecraft:oak_log":5,"minecraft:gunpowder":5,"minecraft:string":2,"minecraft:map":1,"minecraft:dirt":9,"minecraft:moss_carpet":1,"minecraft:bone":2,"minecraft:wheat_seeds":8,"minecraft:cooked_chicken":64,"minecraft:jungle_sapling":2,"minecraft:light_gray_wool":1,"minecraft:glowstone_dust":3,"minecraft:iron_sword":1,"minecraft:melon_slice":36,"minecraft:sugar_cane":29,"minecraft:chest":1,"minecraft:oak_planks":5,"minecraft:phantom_membrane":5,"regions_unexplored:redwood_log":5,"minecraft:stick":3,"iceandfire:dragonbone":19,"minecraft:sand":5,"minecraft:stripped_spruce_log":1,"minecraft:spruce_door":1,"minecraft:stripped_acacia_log":1,"minecraft:arrow":2,"minecraft:slime_ball":14,"minecraft:rotten_flesh":4,"securitycraft:secret_spruce_sign_item":1,"shieldsplus:netherite_shield":1,"minecraft:pumpkin_pie":3,"biomesoplenty:mahogany_sapling":1,"minecraft:soul_lantern":1,"minecraft:bread":5,"minecraft:mutton":5,"minecraft:white_wool":2,"minecraft:cobblestone":13}},"DataVersion":3465}