{"stats":{"minecraft:custom":{"minecraft:mob_kills":45,"minecraft:interact_with_crafting_table":12,"minecraft:open_barrel":41,"minecraft:damage_dealt_resisted":9,"minecraft:leave_game":5,"minecraft:time_since_death":878,"minecraft:climb_one_cm":9525,"minecraft:sprint_one_cm":215723,"minecraft:walk_one_cm":289524,"minecraft:damage_blocked_by_shield":345,"minecraft:drop":29,"minecraft:talked_to_villager":2,"minecraft:play_time":127988,"minecraft:deaths":41,"minecraft:sneak_time":4572,"minecraft:walk_under_water_one_cm":27840,"minecraft:boat_one_cm":20,"minecraft:jump":2079,"minecraft:walk_on_water_one_cm":33853,"minecraft:total_world_time":127988,"tombstone:raider_killed":3,"minecraft:sleep_in_bed":1,"minecraft:time_since_rest":788,"minecraft:waystone_activated":1,"minecraft:damage_taken":17024,"minecraft:damage_dealt":6229,"minecraft:player_kills":1,"minecraft:swim_one_cm":49422,"minecraft:fly_one_cm":474905,"minecraft:open_chest":78,"minecraft:crouch_one_cm":10024,"tombstone:undead_killed":11,"minecraft:interact_with_smoker":1,"minecraft:fall_one_cm":55893},"minecraft:killed_by":{"minecraft:player":1,"minecraft:zombie":1},"minecraft:killed":{"minecraft:witch":1,"minecraft:vindicator":1,"minecraft:spider":3,"minecraft:slime":20,"minecraft:skeleton":2,"minecraft:drowned":1,"minecraft:parrot":3,"minecraft:pig":1,"minecraft:frog":1,"minecraft:sheep":3,"minecraft:pillager":1,"minecraft:zombie":8},"minecraft:crafted":{"minecraft:oak_planks":20,"minecraft:iron_axe":1,"minecraft:stone_pickaxe":1,"minecraft:dark_oak_planks":48,"minecraft:crafting_table":3,"minecraft:spruce_planks":4,"minecraft:jungle_boat":1,"minecraft:wooden_pickaxe":1,"minecraft:stone_axe":1,"minecraft:jungle_planks":24,"minecraft:oak_boat":1,"minecraft:diamond_pickaxe":1,"minecraft:stick":12,"minecraft:iron_pickaxe":1,"minecraft:acacia_planks":4},"minecraft:mined":{"minecraft:dark_oak_planks":1,"minecraft:jungle_leaves":14,"minecraft:grass_block":3,"minecraft:jungle_log":10,"minecraft:acacia_slab":1,"minecraft:spawner":13,"minecraft:large_fern":2,"minecraft:hay_block":8,"minecraft:stripped_spruce_log":1,"minecraft:bookshelf":6,"minecraft:stripped_acacia_log":1,"regions_unexplored:medium_grass":1,"minecraft:stone":13,"regions_unexplored:redwood_log":6,"minecraft:glass_pane":1,"regions_unexplored:duckweed":1,"minecraft:crafting_table":4,"minecraft:polished_andesite_stairs":1,"minecraft:melon":8,"minecraft:chest":3,"minecraft:tall_grass":16,"minecraft:cyan_bed":1,"minecraft:grindstone":1,"minecraft:oak_planks":5,"minecraft:sugar_cane":12,"minecraft:coarse_dirt":1,"regions_unexplored:sandy_tall_grass":1,"regions_unexplored:sandy_grass":7,"minecraft:grass":12,"minecraft:oak_log":5,"minecraft:sand":5,"minecraft:dirt":7,"minecraft:acacia_planks":1,"minecraft:oak_leaves":1,"minecraft:fern":2},"minecraft:used":{"minecraft:moss_carpet":1,"minecraft:iron_shovel":36,"minecraft:chest":2,"minecraft:iron_sword":99,"minecraft:rotten_flesh":2,"minecraft:cooked_chicken":20,"minecraft:dirt":9,"minecraft:jungle_planks":1,"minecraft:dark_oak_planks":26,"securitycraft:secret_spruce_sign_item":1,"minecraft:iron_axe":53,"minecraft:iron_boots":1,"tombstone:gift":5,"minecraft:acacia_planks":4,"minecraft:stone_pickaxe":2,"minecraft:oak_planks":5,"minecraft:wooden_pickaxe":13,"iceandfire:dragon_skull_lightning":1,"minecraft:jungle_boat":1,"minecraft:glow_berries":8,"minecraft:sand":4,"minecraft:crafting_table":6,"minecraft:diamond_pickaxe":13,"minecraft:melon_slice":20,"minecraft:bread":8,"minecraft:cyan_bed":1,"shieldsplus:netherite_shield":7,"minecraft:soul_lantern":1,"minecraft:crimson_sign":1,"minecraft:stone_axe":55,"minecraft:cobblestone":3,"alexsmobs:animal_dictionary":1,"minecraft:oak_boat":1,"minecraft:coarse_dirt":1},"minecraft:broken":{"minecraft:iron_helmet":1},"minecraft:dropped":{"minecraft:iron_sword":2,"minecraft:wheat_seeds":4,"minecraft:iron_helmet":1,"bossominium:the_bossdexium":1,"tombstone:grave_key":4,"alexsmobs:flying_fish":1,"minecraft:map":1,"minecraft:jungle_sapling":1,"minecraft:sand":1,"minecraft:gravel":2,"minecraft:stone_axe":1,"minecraft:kelp":2,"alexsmobs:animal_dictionary":1,"minecraft:light_gray_wool":1,"aquamirae:cooked_spinefish":1,"minecraft:filled_map":2,"minecraft:oak_sapling":2,"minecraft:wooden_pickaxe":1},"minecraft:picked_up":{"iceandfire:dragon_skull_lightning":1,"minecraft:crafting_table":4,"minecraft:coarse_dirt":1,"minecraft:iron_chestplate":1,"tombstone:grave_key":1,"minecraft:string":2,"minecraft:moss_carpet":1,"minecraft:gold_nugget":7,"minecraft:jungle_sapling":3,"minecraft:light_gray_wool":1,"minecraft:melon_slice":36,"minecraft:sugar_cane":29,"minecraft:chest":3,"minecraft:phantom_membrane":5,"minecraft:crimson_sign":1,"regions_unexplored:redwood_log":5,"minecraft:stick":3,"iceandfire:dragonbone":19,"minecraft:porkchop":3,"tombstone:grave_dust":2,"minecraft:carrot":1,"minecraft:dark_oak_planks":3,"minecraft:arrow":2,"minecraft:rotten_flesh":11,"minecraft:tropical_fish":7,"minecraft:pumpkin_pie":3,"biomesoplenty:mahogany_sapling":1,"minecraft:hay_block":8,"minecraft:mutton":5,"minecraft:white_wool":2,"alexsmobs:flying_fish":1,"minecraft:cobblestone":14,"minecraft:feather":4,"minecraft:jungle_log":10,"minecraft:oak_log":5,"minecraft:gunpowder":5,"minecraft:map":1,"minecraft:dirt":9,"minecraft:bone":10,"minecraft:kelp":2,"minecraft:wheat_seeds":9,"minecraft:grindstone":1,"minecraft:cooked_chicken":64,"minecraft:glowstone_dust":3,"minecraft:iron_sword":2,"minecraft:oak_planks":5,"minecraft:book":12,"minecraft:gravel":2,"minecraft:sand":5,"minecraft:stripped_spruce_log":1,"minecraft:cyan_bed":1,"minecraft:jungle_slab":1,"minecraft:spruce_door":1,"minecraft:stripped_acacia_log":1,"minecraft:slime_ball":14,"securitycraft:secret_spruce_sign_item":1,"minecraft:diamond":5,"minecraft:soul_lantern":1,"minecraft:stone_axe":1,"shieldsplus:netherite_shield":1,"aquamirae:cooked_spinefish":1,"minecraft:bread":5,"minecraft:oak_sapling":2,"minecraft:acacia_slab":1}},"DataVersion":3465}