{"stats":{"minecraft:custom":{"minecraft:mob_kills":5,"tombstone:raider_killed":1,"minecraft:interact_with_crafting_table":3,"minecraft:open_barrel":4,"minecraft:damage_dealt_resisted":9,"minecraft:leave_game":3,"minecraft:time_since_death":6587,"minecraft:climb_one_cm":5640,"minecraft:time_since_rest":6334,"minecraft:waystone_activated":1,"minecraft:sprint_one_cm":95007,"minecraft:damage_taken":4144,"minecraft:walk_one_cm":156625,"minecraft:drop":13,"minecraft:damage_dealt":2151,"minecraft:player_kills":1,"minecraft:swim_one_cm":4234,"minecraft:talked_to_villager":2,"minecraft:fly_one_cm":238505,"minecraft:open_chest":49,"minecraft:crouch_one_cm":4104,"minecraft:play_time":63971,"minecraft:deaths":6,"minecraft:sneak_time":2146,"minecraft:walk_under_water_one_cm":3689,"minecraft:jump":1230,"minecraft:walk_on_water_one_cm":11703,"minecraft:total_world_time":63971,"minecraft:fall_one_cm":36617},"minecraft:killed_by":{"minecraft:player":1},"minecraft:killed":{"minecraft:witch":1,"minecraft:spider":1,"minecraft:sheep":3},"minecraft:mined":{"minecraft:glass_pane":1,"regions_unexplored:duckweed":1,"minecraft:jungle_leaves":8,"minecraft:crafting_table":2,"minecraft:grass_block":2,"minecraft:melon":8,"minecraft:chest":1,"minecraft:jungle_log":4,"minecraft:tall_grass":14,"minecraft:oak_planks":5,"minecraft:sugar_cane":9,"minecraft:large_fern":2,"minecraft:coarse_dirt":1,"regions_unexplored:sandy_tall_grass":1,"minecraft:stripped_spruce_log":1,"regions_unexplored:sandy_grass":7,"minecraft:grass":9,"minecraft:oak_log":5,"minecraft:dirt":4,"minecraft:sand":5,"minecraft:stripped_acacia_log":1,"regions_unexplored:medium_grass":1,"regions_unexplored:redwood_log":6,"minecraft:oak_leaves":1,"minecraft:fern":2},"minecraft:crafted":{"minecraft:oak_planks":20,"minecraft:crafting_table":1,"minecraft:spruce_planks":4,"minecraft:oak_boat":1,"minecraft:iron_axe":1,"minecraft:stick":4,"minecraft:iron_pickaxe":1,"minecraft:acacia_planks":4},"minecraft:used":{"minecraft:moss_carpet":1,"minecraft:iron_shovel":36,"minecraft:oak_planks":5,"minecraft:iron_sword":27,"iceandfire:dragon_skull_lightning":1,"minecraft:rotten_flesh":2,"minecraft:glow_berries":8,"minecraft:dirt":6,"minecraft:sand":4,"minecraft:crafting_table":2,"securitycraft:secret_spruce_sign_item":1,"minecraft:iron_axe":53,"minecraft:bread":8,"minecraft:melon_slice":20,"minecraft:soul_lantern":1,"minecraft:cobblestone":2,"tombstone:gift":2,"alexsmobs:animal_dictionary":1,"minecraft:oak_boat":1,"minecraft:coarse_dirt":1,"minecraft:acacia_planks":4},"minecraft:dropped":{"minecraft:iron_sword":2,"minecraft:wheat_seeds":4,"alexsmobs:animal_dictionary":1,"minecraft:light_gray_wool":1,"bossominium:the_bossdexium":1,"minecraft:filled_map":2,"minecraft:map":1,"minecraft:sand":1},"minecraft:picked_up":{"iceandfire:dragon_skull_lightning":1,"minecraft:crafting_table":2,"minecraft:coarse_dirt":1,"minecraft:jungle_log":4,"minecraft:oak_log":5,"minecraft:string":2,"minecraft:map":1,"minecraft:dirt":6,"minecraft:moss_carpet":1,"minecraft:bone":2,"minecraft:wheat_seeds":6,"minecraft:light_gray_wool":1,"minecraft:glowstone_dust":3,"minecraft:iron_sword":1,"minecraft:melon_slice":36,"minecraft:sugar_cane":23,"minecraft:chest":1,"minecraft:oak_planks":5,"regions_unexplored:redwood_log":5,"minecraft:stick":1,"iceandfire:dragonbone":19,"minecraft:sand":5,"minecraft:stripped_spruce_log":1,"minecraft:spruce_door":1,"minecraft:stripped_acacia_log":1,"minecraft:arrow":2,"minecraft:rotten_flesh":4,"securitycraft:secret_spruce_sign_item":1,"minecraft:pumpkin_pie":3,"biomesoplenty:mahogany_sapling":1,"minecraft:soul_lantern":1,"minecraft:bread":5,"minecraft:mutton":5,"minecraft:white_wool":2}},"DataVersion":3465}