{"stats":{"minecraft:custom":{"minecraft:mob_kills":77,"minecraft:open_barrel":1,"minecraft:bell_ring":23,"minecraft:time_since_death":439963,"minecraft:leave_game":13,"minecraft:climb_one_cm":11719,"minecraft:sprint_one_cm":251368,"minecraft:walk_one_cm":370508,"minecraft:drop":113,"minecraft:damage_dealt_absorbed":40,"minecraft:play_time":450907,"minecraft:deaths":1,"minecraft:sneak_time":35146,"minecraft:walk_under_water_one_cm":376684,"minecraft:boat_one_cm":50867,"minecraft:jump":1708,"minecraft:walk_on_water_one_cm":70184,"minecraft:total_world_time":450907,"tombstone:raider_killed":3,"minecraft:time_since_rest":439811,"minecraft:waystone_activated":1,"minecraft:damage_taken":170,"minecraft:trigger_trapped_chest":2,"minecraft:damage_dealt":37350,"minecraft:swim_one_cm":77628,"minecraft:fly_one_cm":5092901,"minecraft:player_kills":3,"minecraft:open_chest":8,"minecraft:crouch_one_cm":46383,"tombstone:undead_killed":16,"minecraft:fall_one_cm":2147},"minecraft:killed":{"sculkhorde:sculk_spore_spewer":10,"minecraft:witch":2,"bygonenether:piglin_hunter":2,"sculkhorde:sculk_mite":2,"minecraft:spider":1,"minecraft:slime":14,"enemyexpansion:direwolf":2,"iceandfire:stymphalian_bird":5,"sculkhorde:sculk_phantom_corpse":2,"minecraft:phantom":1,"minecraft:skeleton":8,"sculkhorde:sculk_spitter":2,"minecraft:chicken":1,"minecraft:zombie_villager":1,"man:managgresive":4,"alexsmobs:seal":1,"iceandfire:hydra":2,"enemyexpansion:sprinter":1,"alexsmobs:mantis_shrimp":1,"minecraft:zombie":3,"alexsmobs:elephant":3,"iceandfire:ghost":1,"alexscaves:tremorzilla":1,"apollyon:the_damned":4,"iceandfire:sea_serpent":1,"enemyexpansion:slugger":1},"minecraft:used":{"minecraft:netherite_sword":6,"minecraft:iron_bars":13,"alexscaves:limestone_slab":10,"alexsmobs:spawn_egg_seal":7,"securitycraft:keypad_chest":2,"farmersdelight:stove":2,"minecraft:white_terracotta":73,"biomesoplenty:origin_sapling":5,"securitycraft:security_camera":3,"stalwart_dungeons:chiseled_end_stone_bricks":2,"alexsmobs:spawn_egg_cockroach":2,"alexscaves:ancient_leaves":7,"farmersdelight:rice_bag":1,"minecraft:torch":14,"alexsmobs:spawn_egg_jerboa":2,"cataclysm:obsidian_brick_wall":46,"securitycraft:keypad_item":2,"alexscaves:ambersol":14,"farmersdelight:carrot_crate":1,"minecraft:jungle_planks":124,"alexscaves:limestone":73,"minecraft:jungle_slab":253,"aquamirae:coral_lance":4,"alexscaves:siren_light":1,"alexscaves:waste_drum":28,"minecraft:oak_fence_gate":2,"minecraft:obsidian":2,"biomesoplenty:magic_slab":6,"iceandfire:myrmex_desert_resin_glass":25,"minecraft:glass":16,"minecraft:brown_terracotta":378,"securitycraft:camera_monitor":2,"alexscaves:acid_bucket":62,"biomesoplenty:redwood_wood":61,"minecraft:red_wool":1,"regions_unexplored:ashen_wood":86,"minecraft:lantern":8,"minecraft:grass_block":7,"alexsmobs:cooked_lobster_tail":10,"alexscaves:amber":92,"stalwart_dungeons:soul_magma_bricks":29,"cataclysm:obsidian_brick_stairs":219,"alexscaves:radrock_bricks":32,"alexsmobs:spawn_egg_elephant":4,"tombstone:gift":2,"alexsmobs:spawn_egg_roadrunner":2,"immersive_aircraft:biplane":3,"enemyexpansion:intruder_spawn_egg":2,"iceandfire:spawn_egg_hydra":2,"biomesoplenty:jacaranda_door":1,"minecraft:spruce_door":2,"farmersdelight:skillet":3,"minecraft:blackstone_stairs":13,"minecraft:jungle_fence":8,"biomesoplenty:redwood_sapling":9,"mutantmonsters:endersoul_hand":11,"alexsmobs:spawn_egg_anaconda":1,"biomesoplenty:willow_sapling":2,"regions_unexplored:prismaglass":10,"farmersdelight:onion":3,"stalwart_dungeons:soul_bricks":109,"minecraft:oak_slab":13,"minecraft:acacia_leaves":38,"minecraft:spruce_log":45,"mowziesmobs:captured_grottol":2,"regions_unexplored:brimwood_slab":131,"waystones:waystone":1,"sophisticatedbackpacks:backpack":2,"minecraft:light":2,"alexscaves:rusty_scaffolding":4,"biomesoplenty:magic_door":5,"regions_unexplored:brimwood_log_magma":21,"minecraft:barrier":28,"minecraft:jungle_stairs":13,"regions_unexplored:brimwood_stairs":80,"minecraft:spruce_trapdoor":7,"iceandfire:dragonsteel_ice_sword":15,"sculkhorde:sculk_ancient_node":7,"bygonenether:piglin_hunter_spawn_egg":2,"minecraft:soul_lantern":42,"minecraft:potion":2,"minecraft:purple_bed":1,"sculkhorde:sculk_sweeper_sword":2,"sculkhorde:purification_flask":391,"minecraft:stripped_oak_wood":18,"securitycraft:admin_tool":1,"securitycraft:retinal_scanner":2,"securitycraft:reinforced_fence_gate":3,"minecraft:coarse_dirt":8,"minecraft:bone_meal":69,"minecraft:splash_potion":396,"cataclysm:obsidian_bricks":189},"minecraft:picked_up":{"minecraft:coarse_dirt":1,"minecraft:iron_chestplate":1,"minecraft:lead":2,"minecraft:wither_rose":3,"minecraft:mangrove_hanging_sign":1,"minecraft:string":3,"alexsmobs:shed_snake_skin":1,"minecraft:pufferfish":14,"minecraft:netherite_sword":1,"iceandfire:hydra_fang":5,"minecraft:white_tulip":2,"minecraft:rose_bush":2,"biomesoplenty:origin_sapling":1,"regions_unexplored:duckweed":1,"minecraft:stick":11,"minecraft:brown_terracotta":5,"minecraft:copper_ingot":5,"minecraft:torch":7,"minecraft:acacia_log":1,"sophisticatedbackpacks:backpack":1,"minecraft:arrow":5,"minecraft:rotten_flesh":13,"biomesoplenty:willow_sapling":3,"biomesoplenty:mahogany_sapling":3,"biomesoplenty:redwood_sapling":2,"minecraft:white_terracotta":8,"alexsmobs:flying_fish":2,"minecraft:oxidized_copper":2,"minecraft:lily_pad":5,"securitycraft:retinal_scanner":1,"minecraft:dirt":14,"iceandfire:dragonsteel_ice_sword":1,"man:cassette_1safetyinstructions":1,"minecraft:glass":2,"minecraft:bone":3,"minecraft:kelp":2,"minecraft:wheat_seeds":12,"minecraft:iron_ingot":4,"iceandfire:copper_nugget":8,"minecraft:gravel":3,"alexscaves:uranium":4,"minecraft:jungle_planks":1,"iceandfire:stymphalian_bird_feather":12,"minecraft:ink_sac":3,"minecraft:grass_block":1,"alexsmobs:animal_dictionary":3,"minecraft:spider_eye":3,"man:tearoftheman":2,"minecraft:light_gray_terracotta":1,"minecraft:slime_ball":17,"minecraft:soul_lantern":2,"bossominium:the_bossdexium":2,"minecraft:emerald":5,"alexsmobs:maggot":1,"minecraft:terracotta":15,"minecraft:baked_potato":11,"minecraft:oak_sapling":1,"minecraft:mangrove_propagule":5},"minecraft:dropped":{"minecraft:iron_ingot":2,"minecraft:wheat_seeds":6,"cataclysm:obsidian_brick_wall":1,"minecraft:baked_potato":43,"biomesoplenty:willow_sapling":4,"biomesoplenty:redwood_wood":1,"minecraft:mangrove_propagule":4,"minecraft:jungle_planks":1,"minecraft:acacia_log":1,"bossominium:the_bossdexium":2,"minecraft:stick":4,"minecraft:dirt":7,"minecraft:torch":1,"iceandfire:copper_nugget":4,"alexsmobs:flying_fish":2,"iceandfire:dragonsteel_ice_sword":1,"minecraft:brown_terracotta":7,"minecraft:bone_meal":1,"minecraft:wither_rose":2,"minecraft:string":1,"minecraft:oxidized_copper":2,"alexscaves:uranium":4,"alexscaves:waste_drum":1,"alexsmobs:acacia_blossom":1,"alexsmobs:animal_dictionary":2,"biomesoplenty:redwood_sapling":2,"minecraft:netherite_sword":1,"minecraft:soul_lantern":1,"minecraft:rotten_flesh":7,"sophisticatedbackpacks:backpack":1,"regions_unexplored:duckweed":1,"minecraft:acacia_leaves":32,"biomesoplenty:origin_sapling":1,"cataclysm:obsidian_bricks":1,"man:tearoftheman":2,"minecraft:iron_chestplate":2,"minecraft:slime_ball":11,"minecraft:arrow":2,"biomesoplenty:mahogany_sapling":3,"alexsmobs:shed_snake_skin":1,"minecraft:splash_potion":2}},"DataVersion":3465}