{"stats":{"minecraft:dropped":{"cataclysm:obsidian_brick_wall":1,"minecraft:wheat_seeds":4,"alexscaves:uranium":4,"alexscaves:waste_drum":1,"alexsmobs:animal_dictionary":2,"biomesoplenty:willow_sapling":4,"biomesoplenty:redwood_sapling":2,"biomesoplenty:redwood_wood":1,"minecraft:soul_lantern":1,"minecraft:mangrove_propagule":4,"sophisticatedbackpacks:backpack":1,"minecraft:jungle_planks":1,"bossominium:the_bossdexium":2,"minecraft:stick":4,"biomesoplenty:origin_sapling":1,"cataclysm:obsidian_bricks":1,"man:tearoftheman":2,"alexsmobs:flying_fish":2,"minecraft:brown_terracotta":7,"minecraft:bone_meal":1,"minecraft:wither_rose":2,"minecraft:arrow":2,"biomesoplenty:mahogany_sapling":3,"minecraft:string":1,"minecraft:splash_potion":1,"minecraft:oxidized_copper":2},"minecraft:picked_up":{"minecraft:coarse_dirt":1,"minecraft:oxidized_copper":2,"minecraft:lead":2,"minecraft:wither_rose":2,"minecraft:mangrove_hanging_sign":1,"securitycraft:retinal_scanner":1,"minecraft:string":1,"man:cassette_1safetyinstructions":1,"minecraft:glass":2,"minecraft:bone":1,"minecraft:kelp":2,"minecraft:wheat_seeds":6,"biomesoplenty:origin_sapling":1,"minecraft:stick":11,"minecraft:brown_terracotta":5,"minecraft:torch":6,"alexscaves:uranium":4,"minecraft:gravel":1,"sophisticatedbackpacks:backpack":1,"minecraft:jungle_planks":1,"minecraft:ink_sac":3,"minecraft:spider_eye":1,"alexsmobs:animal_dictionary":3,"man:tearoftheman":2,"minecraft:light_gray_terracotta":1,"minecraft:arrow":4,"minecraft:rotten_flesh":4,"biomesoplenty:mahogany_sapling":3,"biomesoplenty:willow_sapling":3,"minecraft:soul_lantern":2,"bossominium:the_bossdexium":2,"alexsmobs:maggot":1,"minecraft:white_terracotta":8,"biomesoplenty:redwood_sapling":2,"minecraft:terracotta":15,"minecraft:mangrove_propagule":5,"alexsmobs:flying_fish":2},"minecraft:killed":{"sculkhorde:sculk_spore_spewer":10,"man:managgresive":4,"sculkhorde:sculk_mite":2,"minecraft:spider":1,"enemyexpansion:direwolf":1,"alexsmobs:mantis_shrimp":1,"sculkhorde:sculk_phantom_corpse":2,"minecraft:skeleton":1,"minecraft:zombie":2,"sculkhorde:sculk_spitter":2,"alexscaves:tremorzilla":1,"apollyon:the_damned":3,"enemyexpansion:slugger":1},"minecraft:custom":{"minecraft:mob_kills":32,"minecraft:open_barrel":1,"minecraft:leave_game":11,"minecraft:time_since_death":258876,"minecraft:climb_one_cm":7839,"minecraft:time_since_rest":258724,"minecraft:waystone_activated":1,"minecraft:sprint_one_cm":125933,"minecraft:damage_taken":170,"minecraft:walk_one_cm":294099,"minecraft:drop":57,"minecraft:damage_dealt":23074,"minecraft:damage_dealt_absorbed":40,"minecraft:swim_one_cm":76207,"minecraft:player_kills":2,"minecraft:fly_one_cm":2285484,"minecraft:open_chest":4,"minecraft:crouch_one_cm":35201,"minecraft:play_time":269820,"tombstone:undead_killed":4,"minecraft:deaths":1,"minecraft:sneak_time":18629,"minecraft:walk_under_water_one_cm":348118,"minecraft:jump":1130,"minecraft:walk_on_water_one_cm":30639,"minecraft:total_world_time":269820,"minecraft:fall_one_cm":2147},"minecraft:used":{"biomesoplenty:jacaranda_door":1,"minecraft:spruce_door":2,"farmersdelight:skillet":3,"minecraft:jungle_fence":8,"securitycraft:keypad_chest":2,"minecraft:blackstone_stairs":13,"biomesoplenty:redwood_sapling":9,"farmersdelight:stove":2,"minecraft:white_terracotta":73,"biomesoplenty:origin_sapling":5,"securitycraft:security_camera":3,"stalwart_dungeons:chiseled_end_stone_bricks":2,"biomesoplenty:willow_sapling":2,"farmersdelight:rice_bag":1,"regions_unexplored:prismaglass":10,"minecraft:torch":14,"farmersdelight:onion":3,"cataclysm:obsidian_brick_wall":46,"stalwart_dungeons:soul_bricks":109,"minecraft:oak_slab":13,"securitycraft:keypad_item":2,"farmersdelight:carrot_crate":1,"minecraft:jungle_planks":123,"minecraft:jungle_slab":253,"minecraft:spruce_log":45,"regions_unexplored:brimwood_slab":131,"alexscaves:waste_drum":28,"minecraft:oak_fence_gate":2,"minecraft:obsidian":2,"biomesoplenty:magic_slab":6,"iceandfire:myrmex_desert_resin_glass":25,"waystones:waystone":1,"minecraft:glass":12,"securitycraft:camera_monitor":2,"minecraft:brown_terracotta":4,"sophisticatedbackpacks:backpack":2,"minecraft:light":2,"biomesoplenty:magic_door":5,"regions_unexplored:brimwood_log_magma":21,"minecraft:lantern":8,"regions_unexplored:ashen_wood":86,"minecraft:grass_block":7,"biomesoplenty:redwood_wood":61,"minecraft:barrier":28,"minecraft:jungle_stairs":13,"regions_unexplored:brimwood_stairs":80,"minecraft:spruce_trapdoor":7,"stalwart_dungeons:soul_magma_bricks":29,"sculkhorde:sculk_ancient_node":7,"minecraft:soul_lantern":42,"cataclysm:obsidian_brick_stairs":219,"minecraft:potion":2,"minecraft:purple_bed":1,"sculkhorde:sculk_sweeper_sword":2,"sculkhorde:purification_flask":391,"minecraft:stripped_oak_wood":18,"securitycraft:admin_tool":1,"securitycraft:retinal_scanner":2,"securitycraft:reinforced_fence_gate":3,"minecraft:splash_potion":55,"minecraft:bone_meal":69,"cataclysm:obsidian_bricks":189}},"DataVersion":3465}