{"stats":{"minecraft:crafted":{"tombstone:grave_key":1},"minecraft:used":{"minecraft:netherite_sword":6,"minecraft:iron_bars":13,"alexscaves:limestone_slab":10,"alexsmobs:spawn_egg_triops":1,"alexsmobs:spawn_egg_seal":7,"tombstone:dust_of_frost":2,"securitycraft:keypad_chest":2,"farmersdelight:stove":2,"cataclysm:ender_golem_spawn_egg":1,"minecraft:spruce_planks":1,"minecraft:white_terracotta":73,"securitycraft:security_camera":3,"biomesoplenty:origin_sapling":5,"stalwart_dungeons:chiseled_end_stone_bricks":2,"alexsmobs:spawn_egg_cockroach":2,"alexscaves:ancient_leaves":7,"farmersdelight:rice_bag":1,"alexsmobs:spawn_egg_jerboa":2,"minecraft:torch":14,"cataclysm:obsidian_brick_wall":48,"minecraft:skeleton_spawn_egg":2,"minecraft:stray_spawn_egg":1,"cataclysm:the_harbinger_spawn_egg":1,"cataclysm:deepling_angler_spawn_egg":8,"securitycraft:keypad_item":2,"minecraft:jungle_planks":143,"tombstone:scroll_of_aquatic_life":1,"alexscaves:ambersol":14,"farmersdelight:carrot_crate":1,"cataclysm:stone_tiles":23,"minecraft:jungle_slab":278,"alexscaves:limestone":115,"eeeabsmobs:guardian_axe":4,"aquamirae:coral_lance":4,"alexscaves:siren_light":1,"alexscaves:waste_drum":28,"minecraft:oak_fence_gate":2,"minecraft:obsidian":2,"biomesoplenty:magic_slab":6,"iceandfire:myrmex_desert_resin_glass":25,"endertrigon:baby_dragon_egg":2,"minecraft:glass":18,"minecraft:brown_terracotta":378,"securitycraft:camera_monitor":2,"alexscaves:acid_bucket":62,"cataclysm:the_baby_leviathan_spawn_egg":1,"minecraft:grass_block":8,"minecraft:red_wool":1,"minecraft:lantern":8,"biomesoplenty:redwood_wood":61,"regions_unexplored:ashen_wood":127,"alexsmobs:cooked_lobster_tail":10,"minecraft:spawner":7,"alexscaves:amber":92,"mahoutsukai:clarent":7,"stalwart_dungeons:soul_magma_bricks":29,"minecraft:stone_bricks":5,"cataclysm:obsidian_brick_stairs":219,"alexscaves:radrock_bricks":32,"cataclysm:nameless_sorcerer_spawn_egg":1,"alexsmobs:spawn_egg_elephant":4,"cataclysm:deepling_brute_spawn_egg":12,"tombstone:gift":2,"alexsmobs:spawn_egg_roadrunner":2,"immersive_aircraft:biplane":3,"enemyexpansion:intruder_spawn_egg":2,"cataclysm:the_leviathan_spawn_egg":1,"tombstone:decorative_grave_original":1,"iceandfire:spawn_egg_hydra":2,"biomesoplenty:jacaranda_door":1,"minecraft:spruce_door":2,"farmersdelight:skillet":3,"minecraft:birch_planks":4,"minecraft:blackstone_stairs":13,"minecraft:jungle_fence":8,"biomesoplenty:redwood_sapling":9,"mutantmonsters:endersoul_hand":11,"tombstone:decorative_grave_cross":1,"alexsmobs:spawn_egg_anaconda":1,"cataclysm:lionfish_spawn_egg":1,"minecraft:vindicator_spawn_egg":3,"biomesoplenty:willow_sapling":2,"regions_unexplored:prismaglass":10,"farmersdelight:onion":3,"stalwart_dungeons:soul_bricks":109,"minecraft:oak_slab":13,"minecraft:crafting_table":1,"minecraft:acacia_leaves":38,"minecraft:spruce_log":45,"mowziesmobs:captured_grottol":2,"regions_unexplored:brimwood_slab":131,"cataclysm:deepling_spawn_egg":5,"waystones:waystone":1,"sophisticatedbackpacks:backpack":2,"minecraft:light":2,"alexscaves:rusty_scaffolding":4,"biomesoplenty:magic_door":5,"regions_unexplored:brimwood_log_magma":21,"minecraft:barrier":98,"minecraft:jungle_stairs":13,"regions_unexplored:brimwood_stairs":80,"minecraft:spruce_trapdoor":7,"mahoutsukai:morgan":9,"iceandfire:dragonsteel_ice_sword":21,"sculkhorde:sculk_ancient_node":7,"cataclysm:coralssus_spawn_egg":3,"cataclysm:netherite_monstrosity_spawn_egg":2,"bygonenether:piglin_hunter_spawn_egg":2,"minecraft:soul_lantern":42,"minecraft:potion":2,"minecraft:purple_bed":1,"sculkhorde:sculk_sweeper_sword":2,"sculkhorde:purification_flask":391,"minecraft:stripped_oak_wood":18,"securitycraft:admin_tool":1,"minecraft:andesite":19,"securitycraft:retinal_scanner":2,"securitycraft:reinforced_fence_gate":3,"minecraft:coarse_dirt":8,"minecraft:splash_potion":396,"cataclysm:obsidian_bricks":189,"minecraft:bone_meal":69,"minecraft:pillager_spawn_egg":1},"minecraft:picked_up":{"minecraft:coarse_dirt":1,"minecraft:iron_chestplate":1,"cataclysm:monstrous_horn":2,"minecraft:lead":2,"minecraft:wither_rose":3,"minecraft:mangrove_hanging_sign":1,"tombstone:grave_key":1,"minecraft:string":3,"alexsmobs:shed_snake_skin":1,"minecraft:pufferfish":14,"minecraft:netherite_sword":1,"iceandfire:hydra_fang":5,"minecraft:white_tulip":2,"minecraft:rose_bush":2,"biomesoplenty:origin_sapling":1,"minecraft:phantom_membrane":4,"regions_unexplored:duckweed":1,"minecraft:stick":11,"cataclysm:witherite_block":1,"minecraft:brown_terracotta":5,"minecraft:copper_ingot":5,"tombstone:decorative_grave_original":1,"minecraft:torch":7,"minecraft:acacia_log":1,"sophisticatedbackpacks:backpack":1,"minecraft:arrow":5,"minecraft:rotten_flesh":14,"biomesoplenty:mahogany_sapling":3,"biomesoplenty:willow_sapling":3,"biomesoplenty:redwood_sapling":2,"minecraft:white_terracotta":8,"alexsmobs:flying_fish":2,"minecraft:oxidized_copper":2,"minecraft:lily_pad":5,"securitycraft:retinal_scanner":1,"minecraft:gunpowder":2,"tombstone:decorative_grave_cross":1,"minecraft:dirt":14,"iceandfire:dragonsteel_ice_sword":1,"man:cassette_1safetyinstructions":1,"minecraft:glass":2,"minecraft:bone":5,"cataclysm:infernal_forge":2,"minecraft:kelp":3,"minecraft:wheat_seeds":12,"cataclysm:void_core":1,"minecraft:iron_ingot":5,"cataclysm:abyssal_egg":2,"iceandfire:copper_nugget":8,"minecraft:gravel":3,"alexscaves:uranium":4,"minecraft:jungle_planks":1,"iceandfire:stymphalian_bird_feather":12,"minecraft:ink_sac":3,"minecraft:grass_block":1,"minecraft:spider_eye":3,"alexsmobs:animal_dictionary":3,"man:tearoftheman":2,"minecraft:light_gray_terracotta":1,"minecraft:slime_ball":17,"cataclysm:tidal_claws":1,"minecraft:soul_lantern":2,"bossominium:the_bossdexium":2,"tombstone:magic_scroll":1,"minecraft:emerald":5,"alexsmobs:maggot":1,"minecraft:terracotta":15,"minecraft:baked_potato":11,"minecraft:oak_sapling":1,"minecraft:mangrove_propagule":5},"minecraft:dropped":{"minecraft:iron_ingot":3,"minecraft:wheat_seeds":6,"cataclysm:obsidian_brick_wall":1,"minecraft:baked_potato":43,"biomesoplenty:willow_sapling":4,"biomesoplenty:redwood_wood":1,"minecraft:mangrove_propagule":4,"minecraft:jungle_planks":1,"minecraft:acacia_log":1,"bossominium:the_bossdexium":2,"minecraft:stick":4,"minecraft:dirt":7,"iceandfire:copper_nugget":4,"minecraft:torch":1,"alexsmobs:flying_fish":2,"iceandfire:dragonsteel_ice_sword":1,"minecraft:brown_terracotta":7,"minecraft:bone_meal":1,"minecraft:wither_rose":2,"minecraft:string":1,"minecraft:oxidized_copper":2,"alexscaves:uranium":4,"alexscaves:waste_drum":1,"alexsmobs:acacia_blossom":1,"alexsmobs:animal_dictionary":2,"biomesoplenty:redwood_sapling":2,"minecraft:netherite_sword":1,"minecraft:soul_lantern":1,"minecraft:rotten_flesh":7,"sophisticatedbackpacks:backpack":1,"regions_unexplored:duckweed":1,"minecraft:acacia_leaves":32,"biomesoplenty:origin_sapling":1,"cataclysm:obsidian_bricks":1,"man:tearoftheman":2,"minecraft:gunpowder":2,"minecraft:iron_chestplate":2,"minecraft:slime_ball":11,"minecraft:arrow":2,"biomesoplenty:mahogany_sapling":3,"minecraft:glass":1,"alexsmobs:shed_snake_skin":1,"minecraft:splash_potion":2},"minecraft:killed":{"sculkhorde:sculk_spore_spewer":10,"minecraft:witch":2,"bygonenether:piglin_hunter":2,"creeperoverhaul:badlands_creeper":1,"sculkhorde:sculk_mite":2,"minecraft:spider":1,"cataclysm:netherite_monstrosity":2,"minecraft:slime":14,"enemyexpansion:direwolf":3,"iceandfire:stymphalian_bird":5,"cataclysm:the_harbinger":1,"cataclysm:the_leviathan":1,"sculkhorde:sculk_phantom_corpse":2,"minecraft:phantom":6,"minecraft:skeleton":8,"sculkhorde:sculk_spitter":2,"minecraft:chicken":1,"alexsmobs:triops":1,"cataclysm:ender_golem":1,"cataclysm:the_baby_leviathan":1,"cataclysm:nameless_sorcerer":1,"minecraft:zombie_villager":1,"man:managgresive":4,"alexsmobs:seal":1,"iceandfire:hydra":2,"enemyexpansion:sprinter":1,"alexsmobs:mantis_shrimp":1,"minecraft:zombie":3,"alexsmobs:elephant":3,"iceandfire:ghost":1,"alexscaves:tremorzilla":1,"apollyon:the_damned":4,"minecraft:enderman":1,"iceandfire:sea_serpent":1,"enemyexpansion:slugger":2},"minecraft:custom":{"minecraft:mob_kills":94,"tombstone:use_vanishing":7,"minecraft:interact_with_crafting_table":1,"minecraft:open_barrel":4,"minecraft:bell_ring":23,"minecraft:time_since_death":532899,"minecraft:leave_game":14,"minecraft:climb_one_cm":14609,"minecraft:sprint_one_cm":277256,"minecraft:walk_one_cm":419907,"minecraft:drop":117,"minecraft:damage_dealt_absorbed":40,"minecraft:play_time":543843,"minecraft:deaths":1,"minecraft:sneak_time":40585,"minecraft:walk_under_water_one_cm":454450,"minecraft:boat_one_cm":50867,"minecraft:jump":1936,"minecraft:walk_on_water_one_cm":80813,"minecraft:total_world_time":543843,"tombstone:raider_killed":9,"minecraft:time_since_rest":532747,"minecraft:waystone_activated":1,"minecraft:damage_taken":170,"minecraft:trigger_trapped_chest":2,"minecraft:damage_dealt":47687,"minecraft:player_kills":3,"minecraft:fly_one_cm":6046155,"minecraft:swim_one_cm":83293,"minecraft:open_chest":19,"minecraft:crouch_one_cm":52785,"tombstone:undead_killed":22,"minecraft:fall_one_cm":2147}},"DataVersion":3465}