{"stats":{"minecraft:custom":{"minecraft:interact_with_crafting_table":1,"minecraft:open_barrel":5,"minecraft:bell_ring":26,"minecraft:leave_game":19,"minecraft:time_since_death":797699,"minecraft:damage_resisted":10,"minecraft:sprint_one_cm":360619,"minecraft:drop":223,"minecraft:play_time":808643,"minecraft:deaths":1,"minecraft:jump":2898,"minecraft:walk_on_water_one_cm":90871,"minecraft:waystone_activated":7,"minecraft:damage_dealt":57910,"minecraft:player_kills":4,"minecraft:crouch_one_cm":63318,"tombstone:undead_killed":30,"minecraft:mob_kills":113,"tombstone:use_vanishing":7,"minecraft:climb_one_cm":15074,"minecraft:walk_one_cm":507142,"minecraft:damage_dealt_absorbed":40,"minecraft:sneak_time":54545,"minecraft:walk_under_water_one_cm":471099,"minecraft:boat_one_cm":50867,"minecraft:total_world_time":808643,"tombstone:raider_killed":11,"minecraft:time_since_rest":797547,"minecraft:damage_taken":837,"minecraft:damage_absorbed":38,"minecraft:trigger_trapped_chest":2,"minecraft:fly_one_cm":7899595,"minecraft:swim_one_cm":85285,"minecraft:open_chest":20,"minecraft:fall_one_cm":17205},"minecraft:killed":{"minecraft:cave_spider":1,"minecraft:witch":2,"minecraft:spider":1,"enemyexpansion:equestrian":1,"cataclysm:netherite_monstrosity":2,"iceandfire:stymphalian_bird":5,"cataclysm:the_harbinger":1,"minecraft:skeleton":11,"minecraft:chicken":1,"minecraft:axolotl":2,"cataclysm:ender_golem":1,"alexsmobs:triops":1,"minecraft:zombie_villager":1,"man:managgresive":5,"alexsmobs:seal":1,"iceandfire:hydra":2,"aquamirae:captain_cornelia":1,"alexsmobs:mantis_shrimp":1,"minecraft:zombie":5,"alexscaves:tremorzilla":1,"alexsmobs:fly":2,"apollyon:the_damned":4,"iceandfire:sea_serpent":1,"sculkhorde:sculk_spore_spewer":10,"creeperoverhaul:badlands_creeper":1,"bygonenether:piglin_hunter":2,"sculkhorde:sculk_mite":2,"minecraft:vindicator":2,"minecraft:slime":14,"enemyexpansion:direwolf":3,"minecraft:phantom":6,"sculkhorde:sculk_phantom_corpse":2,"cataclysm:the_leviathan":1,"sculkhorde:sculk_spitter":2,"cataclysm:the_baby_leviathan":1,"cataclysm:nameless_sorcerer":1,"aquamirae:maw":1,"endertrigon:baby_ender_dragon":1,"enemyexpansion:sprinter":1,"alexsmobs:elephant":3,"iceandfire:ghost":1,"aquamirae:anglerfish":1,"mutantmonsters:mutant_zombie":1,"minecraft:enderman":1,"enemyexpansion:slugger":2},"minecraft:crafted":{"tombstone:grave_key":1},"minecraft:mined":{"minecraft:grass_block":1,"minecraft:moss_carpet":3,"regions_unexplored:duckweed":2,"minecraft:sand":1,"minecraft:dirt":1,"minecraft:tall_grass":4},"minecraft:used":{"minecraft:moss_carpet":3,"alexscaves:limestone_slab":10,"alexsmobs:spawn_egg_triops":1,"minecraft:axolotl_spawn_egg":2,"farmersdelight:stove":2,"minecraft:white_terracotta":73,"minecraft:zombie_spawn_egg":24,"securitycraft:security_camera":3,"biomesoplenty:origin_sapling":5,"cataclysm:obsidian_brick_wall":48,"minecraft:stray_spawn_egg":1,"minecraft:skeleton_spawn_egg":4,"securitycraft:reinforced_jungle_slab":17,"securitycraft:keypad_item":2,"alexscaves:ambersol":14,"minecraft:jungle_planks":143,"minecraft:jungle_slab":279,"cataclysm:stone_tiles":23,"aquamirae:captain_cornelia_spawn_egg":1,"eeeabsmobs:guardian_axe":4,"minecraft:obsidian":2,"minecraft:glass":22,"securitycraft:camera_monitor":2,"alexscaves:acid_bucket":62,"cataclysm:the_baby_leviathan_spawn_egg":1,"minecraft:red_wool":1,"regions_unexplored:ashen_wood":127,"minecraft:lantern":8,"minecraft:grass_block":8,"alexsmobs:cooked_lobster_tail":10,"alexscaves:amber":92,"minecraft:stone_bricks":5,"alexsmobs:spawn_egg_elephant":4,"minecraft:gold_block":1,"minecraft:egg":1,"immersive_aircraft:biplane":6,"enemyexpansion:intruder_spawn_egg":2,"cataclysm:the_leviathan_spawn_egg":1,"minecraft:spruce_door":2,"minecraft:jungle_fence":8,"minecraft:blackstone_stairs":13,"tombstone:decorative_grave_cross":1,"alexsmobs:spawn_egg_anaconda":1,"biomesoplenty:willow_sapling":2,"regions_unexplored:prismaglass":10,"minecraft:sand":1,"stalwart_dungeons:soul_bricks":109,"minecraft:acacia_leaves":38,"regions_unexplored:brimwood_slab":131,"cataclysm:deepling_spawn_egg":5,"waystones:waystone":7,"sophisticatedbackpacks:backpack":2,"minecraft:barrier":112,"cataclysm:coralssus_spawn_egg":3,"bygonenether:piglin_hunter_spawn_egg":2,"minecraft:soul_lantern":42,"sculkhorde:purification_flask":391,"minecraft:stripped_oak_wood":18,"minecraft:andesite":19,"securitycraft:retinal_scanner":2,"securitycraft:reinforced_fence_gate":3,"minecraft:coarse_dirt":10,"minecraft:bone_meal":71,"minecraft:netherite_sword":28,"minecraft:jungle_leaves":2,"minecraft:iron_bars":13,"alexsmobs:spawn_egg_seal":7,"tombstone:dust_of_frost":2,"securitycraft:keypad_chest":2,"minecraft:zombie_villager_spawn_egg":1,"minecraft:spruce_planks":1,"cataclysm:ender_golem_spawn_egg":1,"stalwart_dungeons:chiseled_end_stone_bricks":2,"alexsmobs:spawn_egg_cockroach":2,"alexscaves:ancient_leaves":7,"farmersdelight:rice_bag":1,"alexsmobs:spawn_egg_jerboa":2,"minecraft:torch":14,"minecraft:dirt":1,"cataclysm:the_harbinger_spawn_egg":1,"cataclysm:deepling_angler_spawn_egg":8,"tombstone:scroll_of_aquatic_life":1,"farmersdelight:carrot_crate":1,"alexscaves:limestone":115,"aquamirae:coral_lance":4,"alexscaves:siren_light":1,"alexscaves:waste_drum":28,"minecraft:oak_fence_gate":2,"biomesoplenty:magic_slab":6,"iceandfire:myrmex_desert_resin_glass":25,"endertrigon:baby_dragon_egg":3,"minecraft:brown_terracotta":378,"biomesoplenty:redwood_wood":61,"minecraft:spawner":7,"mahoutsukai:clarent":7,"stalwart_dungeons:soul_magma_bricks":29,"cataclysm:obsidian_brick_stairs":219,"alexscaves:radrock_bricks":32,"cataclysm:nameless_sorcerer_spawn_egg":1,"cataclysm:deepling_brute_spawn_egg":12,"cataclysm:the_watcher_spawn_egg":5,"tombstone:gift":4,"alexsmobs:spawn_egg_roadrunner":2,"minecraft:enchanted_golden_apple":24,"tombstone:decorative_grave_original":1,"iceandfire:spawn_egg_hydra":2,"biomesoplenty:jacaranda_door":1,"farmersdelight:skillet":3,"aquamirae:maw_spawn_egg":1,"minecraft:birch_planks":4,"biomesoplenty:redwood_sapling":9,"mutantmonsters:endersoul_hand":11,"cataclysm:lionfish_spawn_egg":1,"minecraft:glow_ink_sac":15,"minecraft:vindicator_spawn_egg":8,"farmersdelight:onion":3,"minecraft:oak_slab":13,"minecraft:crafting_table":1,"minecraft:phantom_spawn_egg":3,"regions_unexplored:redwood_shrub":1,"minecraft:spruce_log":45,"mowziesmobs:captured_grottol":2,"alexsmobs:spawn_egg_lobster":2,"biomesoplenty:spider_egg":6,"minecraft:light":2,"alexscaves:rusty_scaffolding":4,"biomesoplenty:magic_door":6,"regions_unexplored:brimwood_log_magma":21,"minecraft:jungle_stairs":13,"regions_unexplored:brimwood_stairs":80,"aquamirae:anglerfish_spawn_egg":1,"minecraft:spruce_trapdoor":7,"iceandfire:dragonsteel_ice_sword":21,"sculkhorde:sculk_ancient_node":7,"mahoutsukai:morgan":9,"cataclysm:netherite_monstrosity_spawn_egg":2,"minecraft:crimson_sign":17,"mutantmonsters:mutant_zombie_spawn_egg":2,"minecraft:potion":2,"minecraft:purple_bed":1,"sculkhorde:sculk_sweeper_sword":2,"securitycraft:admin_tool":1,"minecraft:pillager_spawn_egg":1,"minecraft:splash_potion":462,"cataclysm:obsidian_bricks":189},"minecraft:dropped":{"minecraft:baked_potato":43,"biomesoplenty:willow_sapling":4,"immersive_aircraft:biplane":1,"minecraft:jungle_planks":1,"minecraft:dirt":7,"alexsmobs:flying_fish":2,"alexsmobs:spawn_egg_lobster":1,"biomesoplenty:spider_egg":1,"iceandfire:dragonsteel_ice_sword":1,"minecraft:bone_meal":2,"minecraft:bone":1,"alexscaves:waste_drum":1,"minecraft:cooked_chicken":128,"alexsmobs:animal_dictionary":2,"biomesoplenty:redwood_sapling":2,"minecraft:netherite_sword":3,"minecraft:soul_lantern":1,"minecraft:pointed_dripstone":1,"minecraft:rotten_flesh":7,"shieldsplus:netherite_shield":1,"regions_unexplored:duckweed":1,"biomesoplenty:origin_sapling":1,"minecraft:gunpowder":2,"minecraft:arrow":2,"minecraft:glass":3,"biomesoplenty:mahogany_sapling":3,"minecraft:axolotl_spawn_egg":1,"minecraft:splash_potion":3,"minecraft:enchanted_book":1,"minecraft:iron_ingot":3,"minecraft:netherite_pickaxe":1,"minecraft:wheat_seeds":15,"cataclysm:obsidian_brick_wall":1,"biomesoplenty:redwood_wood":1,"minecraft:diamond_leggings":1,"minecraft:mangrove_propagule":4,"antlers:jerkey":4,"minecraft:acacia_log":1,"bossominium:the_bossdexium":2,"minecraft:stick":4,"minecraft:milk_bucket":1,"iceandfire:copper_nugget":4,"minecraft:torch":1,"minecraft:brown_terracotta":7,"minecraft:jungle_leaves":1,"minecraft:wither_rose":2,"minecraft:string":1,"cataclysm:the_watcher_spawn_egg":1,"minecraft:oxidized_copper":2,"minecraft:moss_carpet":2,"minecraft:zombie_spawn_egg":1,"alexscaves:uranium":4,"alexsmobs:acacia_blossom":1,"sophisticatedbackpacks:backpack":1,"minecraft:acacia_leaves":32,"cataclysm:obsidian_bricks":1,"man:tearoftheman":2,"minecraft:diamond_chestplate":1,"minecraft:iron_chestplate":2,"minecraft:diamond_boots":2,"minecraft:slime_ball":11,"waystones:waystone":2,"regions_unexplored:redwood_shrub":1,"alexsmobs:shed_snake_skin":1},"minecraft:picked_up":{"minecraft:iron_chestplate":1,"cataclysm:monstrous_horn":2,"minecraft:lead":2,"minecraft:wither_rose":3,"aquamirae:coral_lance":2,"tombstone:grave_key":1,"minecraft:string":5,"minecraft:pufferfish":14,"minecraft:diamond_leggings":1,"minecraft:white_tulip":2,"minecraft:rose_bush":2,"biomesoplenty:origin_sapling":1,"minecraft:stick":11,"aquamirae:frozen_key":1,"minecraft:brown_terracotta":5,"tombstone:decorative_grave_original":1,"minecraft:torch":7,"minecraft:acacia_log":1,"minecraft:pointed_dripstone":4,"aquamirae:esca":1,"mutantmonsters:hulk_hammer":1,"minecraft:zombie_spawn_egg":1,"minecraft:rotten_flesh":14,"biomesoplenty:mahogany_sapling":3,"minecraft:white_terracotta":8,"antlers:jerkey":4,"alexsmobs:flying_fish":2,"minecraft:oxidized_copper":2,"aquamirae:three_bolt_helmet":1,"securitycraft:retinal_scanner":1,"minecraft:dirt":15,"iceandfire:dragonsteel_ice_sword":1,"minecraft:glass":2,"minecraft:bone":6,"minecraft:wheat_seeds":27,"cataclysm:abyssal_egg":2,"alexscaves:uranium":4,"minecraft:jungle_planks":1,"minecraft:sand":1,"iceandfire:stymphalian_bird_feather":12,"minecraft:ink_sac":3,"minecraft:grass_block":1,"alexsmobs:animal_dictionary":3,"man:tearoftheman":2,"minecraft:light_gray_terracotta":1,"cataclysm:tidal_claws":1,"minecraft:soul_lantern":2,"waystones:waystone":2,"bossominium:the_bossdexium":2,"minecraft:emerald":5,"alexsmobs:maggot":1,"minecraft:oak_sapling":1,"minecraft:coarse_dirt":1,"minecraft:mangrove_hanging_sign":1,"minecraft:moss_carpet":5,"alexsmobs:shed_snake_skin":1,"immersive_aircraft:biplane":1,"minecraft:netherite_sword":2,"iceandfire:hydra_fang":5,"regions_unexplored:duckweed":4,"minecraft:egg":1,"minecraft:phantom_membrane":4,"minecraft:copper_ingot":5,"cataclysm:witherite_block":1,"sophisticatedbackpacks:backpack":1,"minecraft:arrow":7,"minecraft:diamond_chestplate":1,"biomesoplenty:willow_sapling":3,"minecraft:diamond_boots":2,"biomesoplenty:redwood_sapling":2,"minecraft:filled_map":1,"minecraft:lily_pad":5,"minecraft:gunpowder":2,"tombstone:decorative_grave_cross":1,"man:cassette_1safetyinstructions":1,"cataclysm:infernal_forge":2,"minecraft:kelp":3,"cataclysm:void_core":1,"minecraft:iron_ingot":5,"minecraft:cooked_chicken":64,"iceandfire:copper_nugget":8,"aquamirae:ship_graveyard_echo":2,"minecraft:gravel":3,"minecraft:spider_eye":3,"minecraft:slime_ball":17,"minecraft:terracotta":15,"minecraft:baked_potato":11,"tombstone:magic_scroll":1,"minecraft:mangrove_propagule":5}},"DataVersion":3465}